name,type,pop2010,county_1,county_2,county_3,county_4,incorp_pre18720701,incorp_post18720701,incorp_sos,earliest_date
Shawneetown,C,"1,239",Gallatin,,,,1814-12-08,1874-05-22,1874-07-29,1814-12-08
Kaskaskia,V,14,Randolph,,,,1818-01-06,1873-05-26,1903-08-14,1818-01-06
Cairo,C,"2,831",Alexander,,,,1818-01-09,1873-01-07,1873-03-18,1818-01-09
Edwardsville,C,"24,293",Madison,,,,1819-02-23,1872-09-23,1872-12-16,1819-02-23
Carmi,C,"5,240",White,,,,1819-03-24,1873-03-10,1873-07-22,1819-03-24
Belleville,C,"44,478",St. Clair,,,,1819-03-27,1876-05-11,1877-02-15,1819-03-27
Alton,C,"27,865",Madison,,,,1821-01-30,1877-09-11,1877-10-10,1821-01-30
Vandalia,C,"7,042",Fayette,,,,1821-02-15,1884-04-15,1884-05-08,1821-02-15
Mount Carmel,C,"7,284",Wabash,,,,1825-01-10,1877-05-07,1877-05-21,1825-01-10
Newton,C,"2,849",Jasper,,,,1831-02-15,1885-09-08,1885-09-09,1831-02-15
Knoxville,C,"2,911",Knox,,,,1832-12-22,1873-03-10,1873-03-29,1832-12-22
Urbana,C,"41,250",Champaign,,,,1833-02-20,1873-04-19,1873-06-30,1833-02-20
Chester,C,"8,586",Randolph,,,,1835-01-07,1873-03-29,1873-07-14,1835-01-07
Galena,C,"3,429",JoDaviess,,,,1835-01-07,1882-04-18,1882-06-12,1835-01-07
Chicago,C,"2,695,598",Cook,,,,1835-02-11,1875-04-23,1875-05-12,1835-02-11
Lawrenceville,C,"4,348",Lawrence,,,,1835-02-12,1879-03-12,1895-05-07,1835-02-12
White Hall,C,"2,520",Greene,,,,1837-01-01,1884-02-18,1884-03-25,1837-01-01
Carlyle,C,"3,281",Clinton,,,,1837-02-10,1884-04-17,1902-04-26,1837-02-10
Mount Sterling,C,"2,025",Brown,,,,1837-02-10,1875-03-13,1875-04-22,1837-02-10
Mt. Vernon,C,"15,277",Jefferson,,,,1837-02-10,1872-08-05,1872-08-24,1837-02-10
Salem,C,"7,485",Marion,,,,1837-02-10,1894-02-19,1894-05-18,1837-02-10
Peoria,C,"115,007",Peoria,,,,1837-02-21,1891-10-20,1892-01-13,1837-02-21
Greenfield,C,"1,071",Greene,,,,1837-02-26,1884-04-07,1884-06-02,1837-02-26
Carthage,C,"2,605",Hancock,,,,1837-02-27,1883-04-17,1883-05-31,1837-02-27
Clayton,V,709,Adams,,,,1837-02-27,1880-02-09,1880-07-14,1837-02-27
Lynnville,V,117,Morgan,,,,1837-02-27,1895-06-06,1895-10-26,1837-02-27
Vienna,C,"1,434",Johnson,,,,1837-02-27,1877-02-26,1878-01-11,1837-02-27
Warsaw,C,"1,607",Hancock,,,,1837-02-27,1906-03-12,1906-06-05,1837-02-27
Grafton,C,674,Jersey,,,,1837-02-28,1907-04-09,1907-05-16,1837-02-28
Carlinville,C,"5,917",Macoupin,,,,1837-03-04,1887-04-05,1887-05-31,1837-03-04
Ripley,V,86,Brown,,,,1837-07-20,1874-04-10,1902-04-16,1837-07-20
Beardstown,C,"6,123",Cass,,,,1837-07-21,1896-02-17,1897-05-17,1837-07-21
Franklin,V,610,Morgan,,,,1837-07-21,1887-06-13,1887-06-25,1837-07-21
Ottawa,C,"18,768",LaSalle,,,,1837-07-21,1882-03-20,1882-05-13,1837-07-21
Wilmington,C,"5,724",Will,,,,1837-07-31,1902-01-12,1902-02-03,1837-07-31
Astoria,T,"1,141",Fulton,,,,1839-01-24,,,1839-01-24
Naples,T,130,Scott,,,,1839-02-01,,,1839-02-01
Danville,C,"33,027",Vermilion,,,,1839-02-03,1874-03-17,1874-06-09,1839-02-03
St. Charles,C,"32,974",DuPage ,Kane,,,1839-02-09,1874-10-17,1874-12-21,1839-02-09
Mendon,V,953,Adams,,,,1839-02-12,1891-06-09,1891-07-15,1839-02-12
New Haven,V,433,Gallatin,,,,1839-02-15,1873-03-27,1894-08-07,1839-02-15
Mascoutah,C,"7,483",St. Clair,,,,1839-02-16,1883-04-02,1883-06-11,1839-02-16
Quincy,C,"40,633",Adams,,,,1839-02-21,1895-02-12,1897-08-05,1839-02-21
Pekin,C,"34,094",Peoria ,Tazewell ,,,1839-02-23,1874-04-20,1874-08-10,1839-02-23
Bloomington,C,"76,610",McLean,,,,1839-03-02,1897-03-08,1897-04-29,1839-03-02
Charleston,C,"21,838",Coles,,,,1839-03-02,1872-10-12,1872-11-20,1839-03-02
Decatur,C,"76,122",Macon,,,,1839-03-02,1881-04-21,1881-05-03,1839-03-02
Hennepin,V,757,Putnam,,,,1839-03-02,1872-08-07,1872-09-05,1839-03-02
Rushville,C,"3,192",Schuyler,,,,1839-03-02,1898-04-13,1954-04-06,1839-03-02
Shelbyville,C,"4,700",Shelby,,,,1839-03-02,1889-03-11,1889-05-31,1839-03-02
Lacon,C,"1,937",Marshall,,,,1839-12-10,1873-03-28,1873-05-27,1839-12-10
Phillipstown,V,44,White,,,,1840-01-29,1874-06-29,1874-08-08,1840-01-29
Fairfield,C,"5,154",Wayne,,,,1840-01-31,1884-02-20,1884-02-26,1840-01-31
Mackinaw,V,"1,950",Tazewell,,,,1840-01-31,1897-03-19,1897-06-09,1840-01-31
McLeansboro,C,"2,883",Hamilton,,,,1840-01-31,1874-08-10,1874-09-15,1840-01-31
Scottville,V,116,Macoupin,,,,1840-01-31,1885-05-08,1885-06-25,1840-01-31
Jacksonville,C,"19,446",Morgan,,,,1840-02-03,1887-04-04,1887-04-11,1840-02-03
Springfield,C,"116,250",Sangamon,,,,1840-02-03,1882-04-06,1882-04-20,1840-02-03
Tiskilwa,V,829,Bureau,,,,1840-04-06,1890-03-31,1890-04-02,1840-04-06
Benton,C,"7,087",Franklin,,,,1841-01-07,1875-01-27,1875-04-14,1841-01-07
Galesburg,C,"32,195",Knox,,,,1841-01-27,1876-07-20,1877-04-11,1841-01-27
Macomb,C,"19,288",McDonough,,,,1841-01-27,1882-04-18,1882-06-23,1841-01-27
Monticello,C,"5,548",Piatt,,,,1841-01-27,1872-11-04,1873-01-23,1841-01-27
Nauvoo,C,"1,149",Hancock,,,,1841-02-01,1899-04-10,1899-07-11,1841-02-01
Sterling,C,"15,370",Whiteside,,,,1841-02-17,1884-03-03,1884-06-02,1841-02-17
Petersburg,C,"2,260",Menard,,,,1841-02-23,1882-04-04,1882-06-14,1841-02-23
Marion,C,"17,193",Williamson,,,,1841-02-24,1874-04-10,1905-09-08,1841-02-24
Olney,C,"9,115",Richland,,,,1841-02-24,1911-02-15,1911-04-29,1841-02-24
Rock Island,C,"39,018",Rock Island,,,,1841-02-27,1879-11-04,1879-12-08,1841-02-27
Tremont,V,"2,236",Tazewell,,,,1841-02-27,1878-08-12,1894-10-05,1841-02-27
Oregon,C,"3,721",Ogle,,,,1843-02-21,1873-03-29,1873-07-09,1843-02-21
Blue Island,C,"23,706",Cook,,,,1843-02-24,1872-09-07,1894-09-05,1843-02-24
Newark 1,V,992,Kendall,,,,1843-02-28,1875-02-13,1875-05-01,1843-02-28
Brimfield,V,868,Peoria,,,,1843-03-02,1895-02-26,1895-03-16,1843-03-02
St. Francisville,C,697,Lawrence,,,,1843-03-03,1873-01-28,1873-04-10,1843-03-03
Winchester,C,"1,593",Scott,,,,1843-03-04,1876-09-11,1876-11-16,1843-03-04
Metamora,V,"3,636",Woodford,,,,1845-02-21,1875-04-26,1876-03-17,1845-02-21
Peru,C,"10,295",LaSalle,,,,1845-02-25,1890-03-15,1890-05-13,1845-02-25
Joliet ,C,"147,433",Will,,,,1845-02-26,1876-08-05,1876-08-25,1845-02-26
Teutopolis,V,"1,530",Effingham,,,,1845-02-27,1874-05-30,1874-08-27,1845-02-27
Golconda,C,668,Pope,,,,1845-03-01,1923-06-04,1923-07-20,1845-03-01
Pleasant Hill,V,966,Pike,,,,1845-03-01,1905-07-03,1905-07-15,1845-03-01
Pocahontas,V,784,Bond,,,,1847-02-25,1882-10-13,1894-07-19,1847-02-25
Hainesville,V,"3,597",Lake,,,,1847-02-26,1902-07-23,1903-07-21,1847-02-26
Rockton,V,"7,685",Winnebago,,,,1847-02-26,1872-07-31,1902-07-14,1847-02-26
Lima,V,163,Adams,,,,1847-02-28,1886-09-28,1887-04-04,1847-02-28
Sparta,C,"4,302",Randolph,,,,1847-02-28,1873-03-18,1874-01-29,1847-02-28
Canton,C,"14,704",Fulton,,,,1849-02-08,1892-04-04,1892-04-11,1849-02-08
Princeton,C,"7,660",Bureau,,,,1849-02-08,1884-01-07,1884-02-08,1849-02-08
Spring Bay,V,452,Woodford,,,,1849-02-09,1938-01-18,1939-02-15,1849-02-09
Hampton,V,1863,Rock Island,,,,1849-02-10,1876-04-22,1894-07-05,1849-02-10
Cedarville,V,741,Stephenson,,,,1849-02-12,1884-05-31,1894-08-01,1849-02-12
Hanover,V,844,JoDaviess,,,,1849-02-12,1877-04-28,1877-06-27,1849-02-12
Waterloo,C,"9,811",Monroe,,,,1849-02-12,1888-04-17,1889-03-15,1849-02-12
Columbus,V,99,Adams,,,,1849-03-01,1885-01-24,1885-03-30,1849-03-01
Equality,V,595,Gallatin,,,,1851-02-11,1872-10-28,1872-12-11,1851-02-11
Grayville,C,"1,666",Edwards ,White,,,1851-02-15,1884-04-16,1884-05-27,1851-02-15
Steeleville,V,"2,083",Randolph,,,,1851-02-17,1888-07-02,1903-08-08,1851-02-17
Rockford,C,"152,871",Winnebago,,,,1852-01-03,1880-06-08,1880-07-28,1852-01-03
Waukegan,C,"89,078",Lake,,,,1852-06-15,1890-02-12,1890-05-03,1852-06-15
Monmouth,C,"9,444",Warren,,,,1852-06-21,1882-04-03,1882-07-03,1852-06-21
Woodstock,C,"24,770",McHenry,,,,1852-06-22,1873-03-24,1873-05-31,1852-06-22
Belvidere,C,"25,585",Boone,,,,1852-06-23,1881-03-14,1881-05-30,1852-06-23
LaSalle,C,"9,609",LaSalle,,,,1852-06-23,1876-05-22,1877-03-01,1852-06-23
Thebes,V,436,Alexander,,,,1852-06-23,1899-12-05,1900-01-27,1852-06-23
Cuba,C,"1,294",Fulton,,,,1853-01-26,1895-03-04,1895-06-03,1853-01-26
Ipava,V,470,Fulton,,,,1853-01-26,1872-07-17,1872-08-23,1853-01-26
Hutsonville,V,554,Crawford,,,,1853-02-03,1875-01-12,1875-03-30,1853-02-03
Aurora,C,"197,899",Du Page,Kane,Kendall,Will,1853-02-08,1887-03-01,1887-04-08,1853-02-08
Dixon,C,"15,733",Lee,,,,1853-02-10,1904-03-07,1904-04-25,1853-02-10
Marshall,C,"3,933",Clark,,,,1853-02-10,1872-08-06,1873-05-14,1853-02-10
Havana,C,"3,301",Mason,,,,1853-02-12,1872-07-13,1872-10-11,1853-02-12
Lockport,C,"24,839",Will,,,,1853-02-12,1890-03-03,1890-09-02,1853-02-12
Morris,C,"13,636",Grundy,,,,1853-02-12,1877-12-18,1878-03-13,1853-02-12
Nashville,C,"3,258",Washington,,,,1853-02-12,1872-08-07,1873-08-26,1853-02-12
Paris,C,"8,837",Edgar,,,,1853-02-12,1873-03-18,1873-04-02,1853-02-12
Henry,C,"2,464",Marshall,,,,1854-03-01,1879-03-31,1879-06-09,1854-03-01
Elgin,C,"108,188",Cook ,Kane,,,1854-04-24,1880-10-18,1881-01-18,1854-04-24
Perry,V,397,Pike,,,,1855-02-04,1899-12-05,1901-10-10,1855-02-04
Alma,V,320,Marion,,,,1855-02-06,1897-11-27,1897-12-03,1855-02-06
Oakland,C,880,Coles,,,,1855-02-09,1896-04-24,1896-06-16,1855-02-09
Richview,V,253,Washington,,,,1855-02-09,1873-06-03,1873-07-28,1855-02-09
Winnebago,V,"3,101",Winnebago,,,,1855-02-09,1877-12-22,1878-03-30,1855-02-09
Atlanta,C,"1,692",Logan,,,,1855-02-14,1912-03-22,1912-03-26,1855-02-14
Freeport,C,"25,638",Stephenson,,,,1855-02-14,1882-04-18,1882-07-07,1855-02-14
Geneseo,C,"6,586",Henry,,,,1855-02-14,,,1855-02-14
Girard,C,"2,103",Macoupin,,,,1855-02-14,1880-09-14,1881-02-17,1855-02-14
Hillsboro,C,"6,207",Montgomery,,,,1855-02-14,1882-03-08,1913-03-26,1855-02-14
Jerseyville,C,"8,465",Jersey,,,,1855-02-14,1883-04-17,1883-05-31,1855-02-14
Kewanee,C,"12,916",Henry,,,,1855-02-14,1872-08-08,1872-11-02,1855-02-14
Moline,C,"43,483",Rock Island,,,,1855-02-14,1872-08-06,1872-11-15,1855-02-14
Clinton,C,"7,225",DeWitt,,,,1855-02-15,1882-04-18,1882-05-04,1855-02-15
Collinsville,C,"25,579",Madison ,St. Clair,,,1855-02-15,1872-10-01,1872-11-30,1855-02-15
Greenup,V,"1,513",Cumberland,,,,1855-02-15,1872-09-14,1875-07-20,1855-02-15
Greenville,C,"7,000",Bond,,,,1855-02-15,1872-08-13,1872-11-11,1855-02-15
Kankakee,C,"27,537",Kankakee,,,,1855-02-15,1892-03-15,1892-04-26,1855-02-15
McHenry,C,"26,992",McHenry,,,,1855-02-15,1872-11-22,1872-11-28,1855-02-15
Palestine,T,"1,369",Crawford,,,,1855-02-15,,,1855-02-15
Jonesboro,C,"1,821",Union,,,,1857-01-28,1872-12-14,1873-04-09,1857-01-28
Mound City,C,588,Pulaski,,,,1857-01-29,1873-05-14,1873-11-29,1857-01-29
Cherry Valley,V,"3,162",Winnebago,,,,1857-01-31,1896-03-17,1897-07-29,1857-01-31
Fieldon,V,239,Jersey,,,,1857-02-07,1883-06-12,1883-08-23,1857-02-07
Mulberry Grove,V,634,Bond,,,,1857-02-07,1881-04-08,1883-05-05,1857-02-07
Naperville,C,"141,853",DuPage ,Will,,,1857-02-07,1890-03-17,1890-03-24,1857-02-07
Washburn,V,"1,155",Woodford,,,,1857-02-07,1873-07-11,1894-07-30,1857-02-07
West Salem,V,897,Edwards,,,,1857-02-08,1914-07-30,1914-09-02,1857-02-08
Marengo,C,"7,648",McHenry,,,,1857-02-09,1893-08-14,1893-09-25,1857-02-09
Pontiac,C,"11,931",Livingston,,,,1857-02-10,1872-08-16,1872-11-12,1857-02-10
Toledo,V,"1,238",Cumberland,,,,1857-02-10,,,1857-02-10
Washington,C,"15,134",Tazewell,,,,1857-02-10,1878-03-02,1878-05-28,1857-02-10
Oquawka,V,"1,371",Henderson,,,,1857-02-11,1880-08-03,1902-05-05,1857-02-11
Abingdon,C,"3,319",Knox,,,,1857-02-13,1920-03-23,1920-06-09,1857-02-13
Altona,V,531,Knox,,,,1857-02-13,1874-03-31,1897-08-05,1857-02-13
Camp Point,V,"1,132",Adams,,,,1857-02-13,1874-02-07,1874-05-05,1857-02-13
Elizabethtown,V,299,Hardin,,,,1857-02-13,1873-06-23,1875-07-21,1857-02-13
Mt. Morris,V,"2,998",Ogle,,,,1857-02-13,1875-03-27,1875-06-16,1857-02-13
Vermont,V,667,Fulton,,,,1857-02-13,1879-09-23,1880-01-14,1857-02-13
Bath,V,333,Mason,,,,1857-02-14,1876-06-30,1876-09-07,1857-02-14
Central City,V,"1,172",Marion,,,,1857-02-14,1891-03-21,1958-05-29,1857-02-14
Kansas,V,787,Edgar,,,,1857-02-14,1872-10-12,1873-08-23,1857-02-14
Amboy,C,"2,500",Lee,,,,1857-02-16,1888-05-08,1888-07-17,1857-02-16
Antioch,V,"14,430",Lake,,,,1857-02-16,1892-02-29,1892-03-18,1857-02-16
Ashley,C,536,Washington,,,,1857-02-16,1876-01-18,1876-04-17,1857-02-16
East Dubuque,C,"1,704",JoDaviess,,,,1857-02-16,,,1857-02-16
Keithsburg,C,609,Mercer,,,,1857-02-16,1889-03-18,1889-06-06,1857-02-16
Lebanon,C,"4,418",St. Clair,,,,1857-02-16,1874-04-13,1874-07-28,1857-02-16
Lewistown,C,"2,384",Fulton,,,,1857-02-16,1882-04-03,1882-04-20,1857-02-16
Pana,C,"5,847",Christian,,,,1857-02-16,1877-05-21,1877-07-19,1857-02-16
Polo,C,"2,355",Ogle,,,,1857-02-16,1877-06-25,1877-07-13,1857-02-16
Bunker Hill,C,"1,774",Macoupin,,,,1857-02-17,1872-11-25,1873-05-14,1857-02-17
Evanston,C,"74,486",Cook,,,,1857-02-17,1872-10-19,1872-12-14,1857-02-17
Farmington,C,"2,448",Fulton,,,,1857-02-18,1887-03-14,1887-03-17,1857-02-18
LeRoy,C,"3,560",McLean,,,,1857-02-18,1874-07-16,1874-10-05,1857-02-18
Lincoln,C,"14,504",Logan,,,,1857-02-18,1886-03-08,1886-05-21,1857-02-18
Oswego,V,"30,355",Kendall,,,,1857-02-18,1881-04-20,1881-06-08,1857-02-18
Troy,C,"9,888",Madison,,,,1857-02-18,1892-04-12,1892-07-07,1857-02-18
Virginia,C,"1,611",Cass,,,,1857-02-19,1872-08-12,1872-09-11,1857-02-19
Montgomery,V,"18,438",Kane ,Kendall,,,1858-02-17,1894-09-26,1894-12-20,1858-02-17
Magnolia,V,260,Putnam,,,,1859-01-15,1875-01-16,1961-07-17,1859-01-15
Toulon,C,"1,292",Stark,,,,1859-02-11,1873-08-26,1873-11-26,1859-02-11
Gillespie,C,"3,319",Macoupin,,,,1859-02-12,1883-12-10,1884-03-27,1859-02-12
Litchfield,C,"6,939",Montgomery,,,,1859-02-16,1896-02-29,1896-05-06,1859-02-16
Centralia,C,"13,032",Marion,,,,1859-02-18,1893-02-13,1893-05-04,1859-02-18
Dallas City,C,945,Hancock,,,,1859-02-18,1905-04-14,1905-05-09,1859-02-18
Fulton,C,"3,481",Whiteside,,,,1859-02-18,1899-03-30,1899-06-14,1859-02-18
Metropolis,C,"6,537",Massac,,,,1859-02-18,1873-03-06,1873-06-06,1859-02-18
Sandoval,V,"1,274",Marion,,,,1859-02-18,1873-02-20,1873-05-27,1859-02-18
Barry,C,"1,318",Pike,,,,1859-02-19,1872-09-16,1872-11-14,1859-02-19
Columbia,C,"9,707",Monroe ,St. Clair,,,1859-02-19,1903-10-05,1903-10-27,1859-02-19
Mendota,C,"7,372",LaSalle,,,,1859-02-19,1883-03-05,1883-05-07,1859-02-19
Freeburg,V,"4,354",St. Clair,,,,1859-02-21,1875-03-08,1875-04-26,1859-02-21
New Boston,C,683,Mercer,,,,1859-02-21,,,1859-02-21
Sandwich,C,"7,421",DeKalb ,Kendall,,,1859-02-21,1872-11-19,1873-01-06,1859-02-21
Sycamore,C,"17,519",DeKalb,,,,1859-02-21,1872-09-10,1872-11-18,1859-02-21
Mattoon,C,"18,555",Coles,,,,1859-02-22,1879-02-25,1879-05-02,1859-02-22
Prophetstown,C,"2,080",Whiteside,,,,1859-02-22,1884-02-06,1884-03-24,1859-02-22
Brighton,V,"2,254",Macoupin,,,,1859-02-23,1886-04-05,1886-06-30,1859-02-23
Eureka,C,"5,295",Woodford,,,,1859-02-23,1880-08-30,1881-01-12,1859-02-23
Staunton,C,"5,139",Macoupin,,,,1859-02-23,1872-12-09,1873-01-06,1859-02-23
Augusta,V,587,Hancock,,,,1859-02-24,1879-09-02,1879-10-28,1859-02-24
Blandinsville,V,651,McDonough,,,,1859-02-24,1872-08-10,1872-09-27,1859-02-24
Fairview,V,522,Fulton,,,,1859-02-24,1900-07-02,1902-04-28,1859-02-24
Hamilton,C,"2,951",Hancock,,,,1859-02-24,1872-09-16,1872-10-10,1859-02-24
LaHarpe,C,"1,235",Hancock,,,,1859-02-24,,,1859-02-24
Warren,V,"1,428",JoDaviess,,,,1859-02-24,1876-07-24,1876-08-26,1859-02-24
Wheaton,C,"52,894",DuPage,,,,1859-02-24,1890-03-31,1890-04-24,1859-02-24
Tonica,V,768,LaSalle,,,,1859-12-26,1873-08-16,1901-10-16,1859-12-26
DeKalb,C,"44,030",DeKalb,,,,1861-02-02,1873-02-27,1873-06-20,1861-02-02
Effingham,C,"12,328",Effingham,,,,1861-02-20,1873-01-21,1873-04-03,1861-02-20
Cambridge,V,"2,160",Henry,,,,1861-02-21,1874-03-07,1896-07-13,1861-02-21
Carrollton,C,"2,484",Greene,,,,1861-02-21,1883-04-17,1883-05-15,1861-02-21
Champaign,C,"81,055",Champaign,,,,1861-02-21,1883-04-17,1883-04-24,1861-02-21
Chandlerville,V,553,Cass,,,,1861-02-21,1874-07-21,1875-07-23,1861-02-21
Galatia,V,933,Saline,,,,1861-02-21,1875-05-31,1958-07-14,1861-02-21
Granville,V,"1,427",Putnam,,,,1861-02-21,1880-12-28,1881-02-24,1861-02-21
Harrisburg,C,"9,017",Saline,,,,1861-02-21,1888-04-20,1888-07-05,1861-02-21
Lake Forest,C,"19,375",Lake,,,,1861-02-21,,,1861-02-21
Manchester,V,292,Scott,,,,1861-02-21,1904-03-25,1904-05-31,1861-02-21
Marseilles,C,"5,094",LaSalle,,,,1861-02-21,1884-04-14,1884-05-01,1861-02-21
Milton,V,271,Pike,,,,1861-02-21,1874-10-28,1877-05-17,1861-02-21
Pinckneyville,C,"5,648",Perry,,,,1861-02-21,1872-09-30,1872-12-21,1861-02-21
Versailles,V,478,Brown,,,,1861-02-21,1917-02-06,1917-05-01,1861-02-21
Chillicothe,C,"6,097",Peoria,,,,1861-02-22,1873-02-11,1873-06-23,1861-02-22
DuQuoin,C,"6,109",Perry,,,,1861-02-22,1873-05-17,1873-07-14,1861-02-22
El Paso,C,"2,810",Woodford,,,,1861-02-22,1891-04-06,1891-05-18,1861-02-22
Elkhart,V,405,Logan,,,,1861-02-22,,,1861-02-22
Rochelle,C,"9,574",Ogle,,,,1861-02-22,1872-09-10,1873-01-27,1861-02-22
Sheffield,V,926,Bureau,,,,1861-02-22,1882-05-01,1883-06-05,1861-02-22
Tuscola,C,"4,480",Douglas,,,,1861-02-22,1872-08-12,1872-10-16,1861-02-22
Virden,C,"3,425",Macoupin,,,,1861-02-22,1872-09-10,1872-11-21,1861-02-22
Highland,C,"9,919",Madison,,,,1863-02-14,1884-04-07,1884-06-05,1863-02-14
Walshville,V,64,Montgomery,,,,1863-10-31,1891-06-21,1894-07-05,1863-10-31
Franklin Grove,V,"1,021",Lee,,,,1865-02-13,1872-07-16,1872-10-10,1865-02-13
Milan,V,"5,099",Rock Island,,,,1865-02-13,1893-03-13,1893-05-12,1865-02-13
Mason,T,345,Effingham,,,,1865-02-15,,,1865-02-15
O'Fallon,C,"28,281",St. Clair,,,,1865-02-15,1874-03-27,1905-03-24,1865-02-15
Plymouth,V,505,Hancock,,,,1865-02-15,1876-06-29,1876-07-20,1865-02-15
Anna,C,"4,442",Union,,,,1865-02-16,1872-10-22,1872-11-29,1865-02-16
Arcola,C,"2,916",Douglas,,,,1865-02-16,1873-06-16,1873-08-09,1865-02-16
Auburn,C,"4,771",Sangamon,,,,1865-02-16,1872-07-25,1872-08-10,1865-02-16
Barrington,V,"10,327",Cook , Lake,,,1865-02-16,1873-01-18,1873-02-17,1865-02-16
Bridgeport,C,"1,886",Lawrence,,,,1865-02-16,1896-03-11,1901-08-22,1865-02-16
Bushnell,C,"3,117",McDonough,,,,1865-02-16,1878-07-10,1878-08-22,1865-02-16
Chenoa,C,"1,785",McLean,,,,1865-02-16,1872-08-05,1955-11-10,1865-02-16
Cortland,T,"4,270",DeKalb,,,,1865-02-16,,,1865-02-16
East St. Louis,C,"27,006",St. Clair,,,,1865-02-16,1878-01-22,1878-04-18,1865-02-16
Lostant,V,498,LaSalle,,,,1865-02-16,1873-09-04,1874-11-16,1865-02-16
Odin,V,"1,076",Marion,,,,1865-02-16,1874-03-18,1874-04-09,1865-02-16
Paxton,C,"4,473",Ford,,,,1865-02-16,1872-08-06,1872-11-11,1865-02-16
Plano,C,"10,856",Kendall,,,,1865-02-16,1883-12-03,1884-02-02,1865-02-16
Raleigh,V,350,Saline,,,,1865-02-16,1876-11-23,1935-06-12,1865-02-16
Richmond,V,"1,874",McHenry,,,,1865-02-16,1872-08-05,1872-11-11,1865-02-16
Rockwood,V,42,Randolph,,,,1865-02-16,1891-02-16,1896-05-25,1865-02-16
Seneca,V,"2,371",Grundy ,LaSalle,,,1865-02-16,1874-12-02,1875-01-22,1865-02-16
Somonauk,V,"1,893",DeKalb,,,,1865-02-16,1872-07-18,1872-10-01,1865-02-16
Thomson,V,590,Carroll,,,,1865-02-16,1873-03-10,1873-05-26,1865-02-16
Trenton,C,"2,715",Clinton,,,,1865-02-16,1887-08-22,1887-12-03,1865-02-16
Windsor,C,"1,187",Shelby,,,,1865-02-16,1908-06-13,1908-09-08,1865-02-16
Wyoming,C,"1,429",Stark,,,,1865-02-16,1873-04-04,1873-06-02,1865-02-16
Xenia,V,391,Clay,,,,1865-02-16,1875-03-16,1876-02-04,1865-02-16
Claremont,V,176,Richland,,,,1866-03-07,,,1866-03-07
Clifton,V,"1,468",Iroquois,,,,1867-01-17,1874-05-23,1901-10-28,1867-01-17
Tamaroa,V,638,Perry,,,,1867-02-05,1875-06-07,1875-07-20,1867-02-05
Iuka,V,489,Marion,,,,1867-02-09,1882-05-10,1882-07-29,1867-02-09
Colchester,C,"1,401",McDonough,,,,1867-02-16,1884-05-12,1884-07-18,1867-02-16
Galva,C,"2,589",Henry,,,,1867-02-16,1879-02-12,1879-04-14,1867-02-16
Basco,V,98,Hancock,,,,,1867-02-17,1886-04-02,1867-02-17
DePue,V,"1,838",Bureau,,,,1867-02-18,1888-07-02,1901-10-29,1867-02-18
Industry,V,478,McDonough,,,,1867-02-19,1873-01-23,1873-04-15,1867-02-19
Watseka,C,"5,255",Iroquois,,,,1867-02-19,1872-11-16,1873-02-07,1867-02-19
Secor,V,373,Woodford,,,,1867-02-21,1903-06-11,1903-07-07,1867-02-21
Murrayville,V,587,Morgan,,,,1867-02-22,1914-03-17,1914-06-08,1867-02-22
Geneva,C,"21,495",Kane,,,,1867-02-25,1887-04-19,1887-05-27,1867-02-25
Kinmundy,C,796,Marion,,,,1867-02-25,1875-04-06,1875-04-23,1867-02-25
LaMoille,V,726,Bureau,,,,1867-02-25,1888-10-20,1888-12-04,1867-02-25
Lexington,C,"2,060",McLean,,,,1867-02-25,1890-04-21,1890-05-14,1867-02-25
Meredosia,V,"1,044",Morgan,,,,1867-02-25,1906-03-07,1906-03-15,1867-02-25
Mount Carroll,C,"1,717",Carroll,,,,1867-02-25,1913-06-23,1913-09-02,1867-02-25
Neponset,V,473,Bureau,,,,1867-02-25,1882-10-09,1883-01-16,1867-02-25
Normal,T,"52,497",McLean,,,,1867-02-25,,,1867-02-25
Oconee,V,180,Shelby,,,,1867-02-25,1906-03-27,1906-04-09,1867-02-25
Waverly,C,"1,307",Morgan,,,,1867-02-25,1878-03-21,1878-06-19,1867-02-25
Harvard,C,"9,447",McHenry,,,,1867-02-26,1891-04-07,1891-08-25,1867-02-26
Elmwood,C,"2,097",Peoria,,,,1867-02-27,1892-05-24,1892-06-14,1867-02-27
Flora,C,"5,070",Clay,,,,1867-02-27,1884-04-15,1884-07-01,1867-02-27
Morrison,C,"4,188",Whiteside,,,,1867-02-27,1872-11-12,1873-01-20,1867-02-27
Cicero,T,"83,891",Cook,,,,1867-02-28,,,1867-02-28
Lanark,C,"1,457",Carroll,,,,1867-02-28,1876-05-02,1876-07-07,1867-02-28
New Baden,V,"3,349",Clinton ,St. Clair,,,1867-02-28,1884-05-21,1904-05-02,1867-02-28
Panola,V,45,Woodford,,,,1867-02-28,1875-05-15,1902-06-18,1867-02-28
Wenona,C,"1,056",Marshall,,,,1867-02-28,1872-08-26,1875-03-17,1867-02-28
Louisville,V,"1,139",Clay,,,,1867-03-01,1882-08-25,1883-05-16,1867-03-01
Gilman,C,1814,Iroquois,,,,1867-03-04,1874-02-10,1874-07-30,1867-03-04
Ashton,V,972,Lee,,,,1867-03-05,1872-07-23,1872-10-05,1867-03-05
Murphysboro,C,"7,970",Jackson,,,,1867-03-05,1875-06-28,1875-09-22,1867-03-05
Sparland,V,406,Marshall,,,,1867-03-05,1904-08-17,1904-09-07,1867-03-05
Illiopolis,V,891,Sangamon,,,,1867-03-06,1883-09-25,1883-11-28,1867-03-06
Shipman,V,624,Macoupin,,,,1867-03-06,1885-03-19,1967-06-19,1867-03-06
Atkinson,T,972,Henry,,,,1867-03-07,,,1867-03-07
Maroa,C,"1,801",Macon,,,,1867-03-07,1889-04-08,1889-07-13,1867-03-07
Minonk,C,"2,078",Woodford,,,,1867-03-07,1872-09-20,1872-11-19,1867-03-07
Orangeville,V,793,Stephenson,,,,1867-03-07,1873-03-22,1873-05-29,1867-03-07
Otterville,T,126,Jersey,,,,1867-03-07,,,1867-03-07
Saybrook,V,693,McLean,,,,1867-03-07,1872-11-04,1873-04-15,1867-03-07
Sigel,T,373,Shelby,,,,1867-03-07,,,1867-03-07
Avon,V,799,Fulton,,,,1867-03-08,1873-10-06,1874-01-28,1867-03-08
Chatsworth,T,"1,205",Livingston,,,,1867-03-08,,,1867-03-08
Marine,V,960,Madison,,,,1867-03-08,1888-04-23,1888-07-20,1867-03-08
Dawson,V,509,Sangamon,,,,1867-03-09,1883-09-22,1883-12-20,1867-03-09
Nilwood,T,239,Macoupin,,,,1867-03-09,,,1867-03-09
Nokomis,C,"2,256",Montgomery,,,,1867-03-09,1893-02-06,1893-04-28,1867-03-09
Onarga,V,"1,368",Iroquois,,,,1867-03-09,1876-03-30,1876-04-10,1867-03-09
Red Bud,C,"3,698",Randolph,,,,1867-04-25,1875-01-19,1875-03-02,1867-04-25
Glasgow,V,141,Scott,,,,1867-08-23,,,1867-08-23
Odell,V,"1,046",Livingston,,,,1869-02-01,1872-08-05,1872-09-25,1869-02-01
Good Hope,V,396,McDonough,,,,1869-03-03,1875-05-06,1894-08-22,1869-03-03
Mason City,C,"2,343",Mason,,,,1869-03-04,1872-08-05,1872-08-23,1869-03-04
Pecatonica,V,"2,195",Winnebago,,,,1869-03-04,1881-05-09,1901-09-14,1869-03-04
Yates City,V,693,Knox,,,,1869-03-04,1911-11-28,1912-04-01,1869-03-04
Georgetown,C,"3,474",Vermilion,,,,1869-03-08,1909-04-21,1909-07-21,1869-03-08
Neoga,C,"1,636",Cumberland,,,,1869-03-09,1881-03-07,1894-01-25,1869-03-09
Plainfield,V,"39,581",Will,,,,1869-03-09,1877-06-30,1877-08-13,1869-03-09
Winnetka,V,"12,187",Cook,,,,1869-03-10,,,1869-03-10
Dakota,T,506,Stephenson,,,,1869-03-11,,,1869-03-11
Highland Park,C,"29,763",Lake,,,,1869-03-11,1875-12-06,1876-02-05,1869-03-11
Broadwell,V,145,Logan,,,,1869-03-13,1894-11-05,1894-11-24,1869-03-13
Chebanse,V,"1,062",Iroquois,,,,1869-03-13,1874-05-29,1874-06-05,1869-03-13
Loda,V,407,Iroquois,,,,1869-03-13,1873-09-02,1905-11-14,1869-03-13
Piper City,V,826,Ford,,,,1869-03-13,1876-05-23,1877-03-21,1869-03-13
Enfield,V,596,White,,,,1869-03-15,1875-07-30,1875-09-22,1869-03-15
Kane,V,438,Greene,,,,1869-03-15,1883-05-07,1883-07-24,1869-03-15
Farmer City,C,"2,037",DeWitt,,,,1869-03-21,1872-08-08,1872-10-23,1869-03-21
Dwight,V,"4,260",Livingston,,,,1869-03-24,1872-07-23,1874-01-29,1869-03-24
Bently,T,35,Hancock,,,,1869-03-25,,,1869-03-25
North Utica,V,"1,352",LaSalle,,,,1869-03-25,1885-05-08,1885-08-24,1869-03-25
Peotone,V,"4,142",Will,,,,1869-03-25,1879-02-25,1879-03-07,1869-03-25
Malden,V,362,Bureau,,,,1869-03-26,1882-04-22,1890-06-19,1869-03-26
Mechanicsburg,V,590,Sangamon,,,,1869-03-26,1907-03-04,1907-06-29,1869-03-26
Sullivan,C,"4,440",Moultrie,,,,1869-03-26,1872-12-21,1873-01-10,1869-03-26
Bradford,V,768,Stark,,,,1869-03-27,1873-11-04,1874-01-24,1869-03-27
Clay City,V,959,Clay,,,,1869-03-27,1874-02-09,1874-05-04,1869-03-27
Earlville,C,"1,701",LaSalle,,,,1869-03-27,1877-02-06,1902-05-19,1869-03-27
Minooka,V,"10,924",Grundy ,Will,,,1869-03-27,,,1869-03-27
Noble,V,677,Richland,,,,1869-03-27,1873-09-20,1909-06-29,1869-03-27
Glencoe,V,"8,723",Cook,,,,1869-03-29,,,1869-03-29
Irving,V,495,Montgomery,,,,1869-03-29,1873-05-10,1873-08-09,1869-03-29
Kinderhook,V,216,Pike,,,,1869-03-29,1896-01-25,1896-02-14,1869-03-29
Lombard,V,"43,395",DuPage,,,,1869-03-29,1903-08-25,1903-10-13,1869-03-29
Malta,V,"1,164",DeKalb,,,,1869-03-29,1913-05-01,1913-05-26,1869-03-29
New Athens,V,"2,054",St. Clair,,,,1869-03-29,1881-04-25,1881-05-21,1869-03-29
Summerfield,V,451,St. Clair,,,,1869-03-29,1872-07-20,1872-10-18,1869-03-29
Wyanet,V,991,Bureau,,,,1869-03-29,1891-05-26,1891-06-10,1869-03-29
Belle Prairie City,T,54,Hamilton,,,,1869-03-30,,,1869-03-30
Coulterville,V,945,Randolph,,,,1869-03-30,1874-07-15,1874-08-18,1869-03-30
Gardner,V,"1,463",Grundy,,,,1869-03-30,1914-01-13,1914-01-22,1869-03-30
Greenview,V,778,Menard,,,,1869-03-30,1877-03-22,1877-06-22,1869-03-30
Lena,V,"2,912",Stephenson,,,,1869-03-30,,,1869-03-30
Pittsfield,C,"4,576",Pike,,,,1869-03-30,1893-03-31,1893-04-25,1869-03-30
Rantoul,V,"12,941",Champaign,,,,1869-03-30,1890-02-19,1890-03-01,1869-03-30
Annawan,T,878,Henry,,,,1869-03-31,,,1869-03-31
Heyworth,V,"2,841",McLean,,,,1869-03-31,1901-03-23,1901-05-04,1869-03-31
New Canton,T,359,Pike,,,,1869-03-31,,,1869-03-31
Oneida,C,700,Knox,,,,1869-03-31,,,1869-03-31
Creston,V,662,Ogle,,,,1869-04-01,1872-12-07,1873-02-25,1869-04-01
DuBois,V,205,Washington,,,,1869-04-01,1896-07-08,1896-10-07,1869-04-01
Forreston,V,"1,446",Ogle,,,,1869-04-01,1888-08-02,1888-09-05,1869-04-01
Gridley,V,"1,432",McLean,,,,1869-04-01,1905-10-02,1905-11-18,1869-04-01
Jeffersonville,V,367,Wayne,,,,1869-04-01,1907-03-27,1907-05-20,1869-04-01
Topeka,T,76,Mason,,,,1869-04-10,,,1869-04-10
Carbondale,C,"25,902",Jackson,,,,1869-04-15,1873-07-07,1873-08-14,1869-04-15
Caseyville,V,"4,245",St. Clair,,,,1869-04-15,1875-04-22,1875-05-07,1869-04-15
Coatsburg,V,147,Adams,,,,1869-04-15,1879-06-10,1901-10-30,1869-04-15
Des Plaines,C,"58,364",Cook,,,,1869-04-15,1873-10-18,1874-03-06,1869-04-15
Evansville,V,701,Randolph,,,,1869-04-15,1885-09-29,1903-08-08,1869-04-15
Fayetteville,V,366,St. Clair,,,,1869-04-15,1881-12-17,1960-04-04,1869-04-15
LaPrairie,T,47,Adams,,,,1869-04-15,,,1869-04-15
Macon,C,"1,138",Macon,,,,1869-04-15,1879-04-07,1879-06-24,1869-04-15
Patoka,V,584,Marion,,,,1869-04-15,1885-06-15,1885-09-12,1869-04-15
Payson,V,"1,026",Adams,,,,1869-04-15,1903-04-11,1903-06-29,1869-04-15
Princeville,V,"1,738",Peoria,,,,1869-04-15,1874-03-24,1874-04-18,1869-04-15
Shannon,V,757,Carroll,,,,1869-04-15,1876-04-06,1876-07-11,1869-04-15
Vermilion,V,225,Edgar,,,,1869-04-15,1873-04-05,1873-12-20,1869-04-15
Albion,C,"1,988",Edwards,,,,1869-04-16,1908-06-09,1908-08-14,1869-04-16
Bardolph,V,251,McDonough,,,,1869-04-16,1876-02-05,1876-03-23,1869-04-16
Albany,V,891,Whiteside,,,,1869-04-19,1887-04-26,1897-07-14,1869-04-19
Ashland,V,"1,333",Cass,,,,1869-04-19,1872-12-28,1897-06-01,1869-04-19
Bethalto,V,"9,521",Madison,,,,1869-04-19,1873-04-23,1873-07-02,1869-04-19
Palatine,V,"68,557",Cook,,,,1869-04-25,1887-03-21,1948-01-13,1869-04-25
Durand,V,"1,443",Winnebago,,,,1869-06-19,1886-02-27,1886-07-06,1869-06-19
Elwood,V,"2,279",Will,,,,1869-06-19,1873-06-21,1873-09-12,1869-06-19
Cleveland,V,188,Henry,,,,1869-07-21,1873-03-20,1941-02-14,1869-07-21
Windsor,V,748,Mercer,,,,1869-08-14,1878-04-22,1878-08-16,1869-08-14
Elvaston,V,165,Hancock,,,,1869-12-14,,,1869-12-14
Viola,V,955,Mercer,,,,1870-03-12,1873-04-10,1901-10-24,1870-03-12
Woodhull,V,811,Henry,,,,1870-08-27,1875-03-19,1901-10-10,1870-08-27
Palmer,V,229,Christian,,,,1871-03-30,1873-02-25,1901-10-02,1871-03-30
Jewett,V,223,Cumberland,,,,,1872-01-08,1901-11-06,1872-01-08
Minier,V,"1,252",Tazewell,,,,,1872-07-17,1872-10-11,1872-07-17
Tower Hill,V,611,Shelby,,,,,1872-07-17,1872-10-04,1872-07-17
Maple Park,V,"1,310",Kane,,,,,1872-07-18,1901-11-06,1872-07-18
Batavia,C,"26,045",Kane , DuPage,,,,1872-07-27,1872-08-03,1872-07-27
Rossville,V,"1,331",Vermilion,,,,,1872-08-03,1894-07-17,1872-08-03
Buda,V,538,Bureau,,,,,1872-08-07,1872-11-05,1872-08-07
Altamont,C,"2,319",Effingham,,,,,1872-08-08,1872-08-26,1872-08-08
Mahomet,V,"7,258",Champaign,,,,,1872-08-09,1873-02-03,1872-08-09
Homer,V,"1,193",Champaign,,,,,1872-08-10,1894-08-16,1872-08-10
Wilmette,V,"27,087",Cook,,,,,1872-08-15,1873-04-17,1872-08-15
Huntley,V,"24,291",Kane ,McHenry,,,,1872-08-19,1872-10-04,1872-08-19
Kirkwood,V,714,Warren,,,,,1872-08-19,1872-11-11,1872-08-19
Erie,V,"1,602",Whiteside,,,,,1872-08-20,1876-08-04,1872-08-20
Mt. Pulaski,C,"1,566",Logan,,,,,1872-08-27,1873-05-08,1872-08-27
Beaverville,V,362,Iroquois,,,,,1872-09-07,1904-10-06,1872-09-07
Hopedale,V,865,Tazewell,,,,,1872-09-09,1894-08-04,1872-09-09
Ivesdale,V,267,Champaign,,,,,1872-09-14,1874-08-31,1872-09-14
LaFayette,V,223,Stark,,,,,1872-09-18,1872-12-07,1872-09-18
St. Anne,V,"1,257",Kankakee,,,,,1872-09-28,1873-01-09,1872-09-28
Morrisonville,V,"1,056",Christian,,,,,1872-10-19,1901-09-06,1872-10-19
Walnut,V,"1,416",Bureau,,,,,1872-10-26,1900-06-23,1872-10-26
Leland,V,977,LaSalle,,,,,1872-10-30,1872-11-30,1872-10-30
Ellisville,V,96,Fulton,,,,,1872-11-18,1874-03-30,1872-11-18
Grand Tower,C,605,Jackson,,,,,1872-11-18,1872-12-28,1872-11-18
Tennessee,V,115,McDonough,,,,,1872-11-23,1873-03-06,1872-11-23
Newman,C,865,Douglas,,,,,1872-12-27,1876-05-17,1872-12-27
Buckley,V,600,Iroquois,,,,,1872-12-28,1873-01-11,1872-12-28
Harvel,V,223,Montgomery,,,,,1873-01-14,1877-04-27,1873-01-14
McLean,V,830,McLean,,,,,1873-01-23,1873-02-22,1873-01-23
St. Marie,V,244,Jasper,,,,,1873-02-01,1873-03-28,1873-02-01
Park Ridge,C,"37,480",Cook,,,,,1873-02-22,1873-07-05,1873-02-22
Braidwood,C,"6,191",Will,,,,,1873-03-04,1873-07-15,1873-03-04
Edlorado,C,"4,122",Saline,,,,,1873-03-11,1894-03-29,1873-03-11
Butler,V,180,Montgomery,,,,,1873-03-18,1873-08-02,1873-03-18
Sadorus,V,416,Champaign,,,,,1873-03-18,1874-07-31,1873-03-18
Downers Grove,V,"47,833",DuPage,,,,,1873-03-29,1873-07-11,1873-03-29
Hinsdale,V,"16,816",Cook ,DuPage,,,1873-04-01,1873-04-01,1901-09-23,1873-04-01
Tolono,V,"3,447",Champaign,,,,,1873-04-01,1894-07-11,1873-04-01
Prairie du Rocher,V,604,Randolph,,,,,1873-04-07,1894-07-19,1873-04-07
Elsah,V,673,Jersey,,,,,1873-04-12,1873-09-02,1873-04-12
Catlin,V,"2,040",Vermilion,,,,,1873-04-15,1873-06-21,1873-04-15
Maquon,V,284,Knox,,,,,1873-04-19,1894-07-30,1873-04-19
Golden,V,644,Adams,,,,,1873-04-26,1880-10-26,1873-04-26
Davis,V,677,Stephenson,,,,,1873-05-01,1873-06-06,1873-05-01
Raymond,V,"1,006",Montgomery,,,,,1873-05-06,1873-07-14,1873-05-06
Chapin,V,512,Morgan,,,,,1873-05-17,1899-03-07,1873-05-17
Tallula,V,488,Menard,,,,,1873-05-18,1874-05-20,1873-05-18
Dover,V,168,Bureau,,,,,1873-05-21,1894-10-01,1873-05-21
Lovington,V,"1,130",Moultrie,,,,,1873-05-24,1894-06-29,1873-05-24
Alexis,V,831,Warren,,,,,1873-05-31,1873-08-29,1873-05-31
West Chicago,C,"27,086",DuPage,,,,,1873-05-31,1873-08-06,1873-05-31
Rochester,V,"3,689",Sangamon,,,,,1873-06-02,1874-03-12,1873-06-02
Dix,V,461,Jefferson,,,,,1873-06-03,1894-08-07,1873-06-03
Lemont,V,"16,000",Cook,DuPage,Will,,,1873-06-09,1874-02-19,1873-06-09
Cornell,V,467,Livingston,,,,,1873-06-18,1901-10-17,1873-06-18
Venice,C,"1,890",Madison,,,,,1873-07-07,1894-08-21,1873-07-07
Yorkville (United City) ,C,"16,921",Kendall,,,,,1873-07-08,1873-10-07,1873-07-08
Cerro Gordo,V,"1,403",Piatt,,,,,1873-07-25,1901-11-07,1873-07-25
Brooklyn,V,749,St. Clair,,,,,1873-08-02,1901-09-28,1873-08-02
Ashmore,V,785,Coles,,,,,1873-08-08,1874-07-03,1873-08-08
Riverton,V,"3,455",Sangamon,,,,,1873-08-16,1901-10-25,1873-08-16
Orion,V,"1,861",Henry,,,,,1873-08-19,1894-08-27,1873-08-19
Capron,V,"1,376",Boone,,,,,1873-10-04,1901-10-09,1873-10-04
Varna,V,384,Marshall,,,,,1873-10-17,1901-10-09,1873-10-17
Chrisman,C,"1,343",Edgar,,,,,1873-12-15,1894-06-29,1873-12-15
Prairie City,V,379,McDonough,,,,,1873-12-17,1874-02-21,1873-12-17
Medora,V,419,Macoupin,,,,,1874-01-10,1874-04-03,1874-01-10
Aviston,V,"1,945",Clinton,,,,,1874-02-10,1879-05-13,1874-02-10
Lyndon,V,648,Whiteside,,,,,1874-03-03,1874-07-20,1874-03-03
Milford,V,"1,306",Iroquois,,,,,1874-03-16,1901-10-12,1874-03-16
Ridge Farm,V,882,Vermilion,,,,,1874-03-23,1894-07-30,1874-03-23
Chatham,V,"11,500",Sangamon,,,,,1874-03-24,1874-07-23,1874-03-24
Forrest,V,"1,220",Livingston,,,,,1874-03-27,1874-07-30,1874-03-27
Streator,C,"13,710",LaSalle,,,,,1874-04-06,1874-07-30,1874-04-06
Ridott,V,164,Stephenson,,,,,1874-04-18,1874-08-15,1874-04-18
Savanna,C,"3,062",Carroll,,,,,1874-04-20,1874-09-29,1874-04-20
Wataga,V,843,Knox,,,,,1874-04-27,1874-05-18,1874-04-27
Momence,C,"3,310",Kankakee,,,,,1874-04-30,1874-05-09,1874-04-30
Edinburg,V,"1,078",Christian,,,,,1874-05-05,1874-06-06,1874-05-05
Casey,C,"2,769",Clark,,,,,1874-05-15,1876-05-25,1874-05-15
Bement,V,"1,730",Piatt,,,,,1874-05-25,1874-08-25,1874-05-25
Germantown,V,"1,269",Clinton,,,,,1874-05-30,1879-06-27,1874-05-30
Arlington,V,193,Bureau,,,,,1874-06-08,1901-10-11,1874-06-08
Lee,V,337,DeKalb ,Lee,,,,1874-06-23,1874-11-04,1874-06-23
Stanford,V,596,McLean,,,,,1874-06-27,1875-05-10,1874-06-27
Roanoke,V,"2,065",Woodford,,,,,1874-07-10,1894-06-29,1874-07-10
Sidney,V,"1,233",Champaign,,,,,1874-08-05,1874-09-05,1874-08-05
Bryant,V,220,Fulton,,,,,1874-08-10,1894-07-19,1874-08-10
Bureau Junction,V,322,Bureau,,,,,1874-08-10,1901-09-16,1874-08-10
Rosiclare,C,"1,160",Hardin,,,,,1874-09-06,1874-10-27,1874-09-06
Stewardson,V,734,Shelby,,,,,1874-09-30,1895-03-13,1874-09-30
Mount Olive,C,"2,099",Macoupin,,,,,1874-10-19,1901-10-10,1874-10-19
Papineau,V,171,Iroquois,,,,,1874-10-20,1894-08-14,1874-10-20
Monee,V,"5,148",Will,,,,,1874-11-09,1875-03-05,1874-11-09
Time,V,23,Pike,,,,,1874-11-09,1875-01-18,1874-11-09
New Douglas,V,319,Madison,,,,,1874-12-16,1901-09-18,1874-12-16
Belle Rive,V,361,Jefferson,,,,,1875-01-01,1875-01-23,1875-01-01
Robinson,C,"7,713",Crawford,,,,,1875-01-16,1875-03-02,1875-01-16
Tampico,V,790,Whiteside,,,,,1875-01-16,1894-08-01,1875-01-16
Tampico,V,790,Whiteside,,,,,1875-01-16,1894-08-01,1875-01-16
Towanda,V,480,McLean,,,,,1875-01-30,1875-05-05,1875-01-30
Shabbona,V,925,DeKalb,,,,,1875-02-20,1875-06-12,1875-02-20
Dorchester,V,151,Macoupin,,,,,1875-03-02,1875-06-28,1875-03-02
Martinsville,C,"1,167",Clark,,,,,1875-03-15,1875-05-15,1875-03-15
Russelville,V,94,Lawrence,,,,,1875-03-17,1901-10-16,1875-03-17
Farina,V,518,Fayette,,,,,1875-03-29,1875-06-29,1875-03-29
Athens,C,"1,988",Menard,,,,,1875-03-31,1875-06-18,1875-03-31
Ashkum,V,761,Iroquois,,,,,1875-04-13,1903-07-25,1875-04-13
Bourbonnais,V,"18,631",Kankakee,,,,,1875-04-13,1875-07-09,1875-04-13
Philo,V,"1,466",Champaign,,,,,1875-04-19,1875-07-10,1875-04-19
Roseville,V,989,Warren,,,,,1875-05-08,1875-08-26,1875-05-08
Cowden,V,629,Shelby,,,,,1875-06-04,1875-08-27,1875-06-04
Stonefort,V,297,Saline ,Williamson,,,,1875-06-21,1894-07-24,1875-06-21
Riverside,V,"8,875",Cook,,,,,1875-07-10,1875-10-08,1875-07-10
Waynesville,V,434,DeWitt,,,,,1875-07-19,1894-07-06,1875-07-19
Loami,V,745,Sangamon,,,,,1875-07-29,1875-10-25,1875-07-29
Rapids City,V,959,Rock Island,,,,,1875-08-12,1875-11-27,1875-08-12
Westfield,V,601,Clark,,,,,1875-08-31,1876-01-03,1875-08-31
Martinton,V,381,Iroquois,,,,,1875-09-07,1876-04-28,1875-09-07
St. Jacob,V,"1,098",Madison,,,,,1875-09-08,1894-07-19,1875-09-08
Dana,V,159,LaSalle,,,,,1875-09-20,1876-01-13,1875-09-20
Cobden,V,"1,157",Union,,,,,1875-11-17,1901-10-31,1875-11-17
Kenney,V,326,DeWitt,,,,,1875-11-20,1902-08-14,1875-11-20
Campbell Hill,V,336,Jackson,,,,,1875-11-24,1899-11-13,1875-11-24
Compton,V,303,Lee,,,,,1875-12-06,1875-12-10,1875-12-06
Wilmington,V,142,Greene,,,,,1875-12-25,1876-01-07,1875-12-25
Exeter,V,65,Scott,,,,,1876-01-03,1876-03-23,1876-01-03
Blue Mound,V,"1,158",Macon,,,,,1876-02-17,1876-05-09,1876-02-17
Roodhouse,C,"1,814",Greene,,,,,1876-02-23,1880-05-01,1876-02-23
Genoa,C,"5,193",DeKalb,,,,,1876-02-26,1876-06-14,1876-02-26
Wapella,V,558,DeWitt,,,,,1876-02-26,1876-04-14,1876-02-26
Mansfield,V,906,Piatt,,,,,1876-03-03,1876-05-09,1876-03-03
Coal Valley,V,"3,743",Henry ,Rock Island,,,,1876-03-11,1876-05-09,1876-03-11
Rutland,V,318,LaSalle,,,,,1876-03-28,1876-05-15,1876-03-28
Pleasant Plains,V,802,Sangamon,,,,,1876-04-08,1876-07-24,1876-04-08
Manito,V,"1,642",Mason,,,,,1876-04-20,1877-07-19,1876-04-20
Ludlow,V,371,Champaign,,,,,1876-06-01,1876-08-25,1876-06-01
Aroma Park,V,743,Kankakee,,,,,1876-06-10,1893-05-12,1876-06-10
Henderson,V,255,Knox,,,,,1876-06-10,1895-04-24,1876-06-10
San Jose,V,642,Logan ,Mason ,,,,1876-06-12,1894-07-24,1876-06-12
Baldwin,V,373,Randolph,,,,,1876-07-12,1901-10-15,1876-07-12
Apple River,V,366,JoDaviess,,,,,1876-07-18,1876-07-31,1876-07-18
Assumption,C,"1,168",Christian,,,,,1876-08-10,1876-11-14,1876-08-10
East Carondelet,V,499,St. Clair,,,,,1876-08-21,1894-08-08,1876-08-21
Breese,C,"4,442",Clinton,,,,,1876-09-23,1879-05-21,1876-09-23
Hampshire,V,"5,563",Kane,,,,,1876-10-28,1877-07-18,1876-10-28
Port Byron,V,"1,647",Rock Island,,,,,1876-11-10,1877-01-20,1876-11-10
Ohio,V,513,Bureau,,,,,1876-12-28,1877-03-09,1876-12-28
Cordova,V,672,Rock Island,,,,,1877-03-12,1894-07-06,1877-03-12
Waterman,V,"1,506",DeKalb,,,,,1877-03-17,1877-09-07,1877-03-17
Hoopeston,C,"5,351",Vermilion,,,,,1877-04-17,1877-07-20,1877-04-17
Arthur,V,"2,288",Douglas ,Moultrie,,,,1877-05-07,1877-09-10,1877-05-07
Sciota,V,61,McDonough,,,,,1877-05-12,1885-09-17,1877-05-12
Hinckley,V,"2,070",DeKalb,,,,,1877-05-22,1877-08-22,1877-05-22
Moweaqua,V,"1,831",Shelby,,,,,1877-05-26,1877-06-15,1877-05-26
Bethany,V,"1,352",Moultrie,,,,,1877-06-08,1877-10-06,1877-06-08
New Minden,V,215,Washington,,,,,1877-06-09,1894-09-11,1877-06-09
Scales Mound,V,376,JoDaviess,,,,,1877-06-09,1877-06-27,1877-06-09
Dalton City,V,544,Moultrie,,,,,1877-08-06,1879-02-26,1877-08-06
Morton,V,"16,267",Tazewell,,,,,1877-08-18,1877-11-13,1877-08-18
Wauconda,V,"13,603",Lake,,,,,1877-08-18,1877-11-09,1877-08-18
Ramsey,V,"1,037",Fayette,,,,,1877-08-29,1880-01-24,1877-08-29
Worden,V,"1,044",Madison,,,,,1877-10-22,1878-04-04,1877-10-22
Strasburg,V,467,Shelby,,,,,1877-11-15,1878-04-03,1877-11-15
Millstadt,V,"4,011",St. Clair,,,,,1878-01-16,1894-07-19,1878-01-16
Smithton,V,"3,693",St. Clair,,,,,1878-01-23,1894-07-06,1878-01-23
Mt. Auburn,V,480,Christian,,,,,1878-02-04,1878-04-18,1878-02-04
Humboldt,V,437,Coles,,,,,1878-04-16,1878-08-28,1878-04-16
Manteno,V,"9,204",Kankakee,,,,,1878-04-20,1878-07-08,1878-04-20
Danvers,V,"1,154",McLean,,,,,1878-06-10,1878-08-07,1878-06-10
Byron,C,"3,753",Ogle,,,,,1878-08-09,1879-10-23,1878-08-09
St. Augustine,V,120,Knox,,,,,1878-08-21,1894-08-13,1878-08-21
Benson,V,423,Woodford,,,,,1878-10-03,1894-08-17,1878-10-03
Griggsville,C,"1,226",Pike,,,,,1878-10-04,1878-12-24,1878-10-04
Danforth,V,604,Iroquois,,,,,1878-11-30,1894-08-08,1878-11-30
Woodlawn,V,698,Jefferson,,,,,1879-01-05,1879-05-10,1879-01-05
Buffalo,V,503,Sangamon,,,,,1879-03-29,1879-06-07,1879-03-29
Biggsville,V,304,Henderson,,,,,1879-04-14,1894-07-09,1879-04-14
Ruma,V,317,Randolph,,,,,1879-05-10,1879-08-28,1879-05-10
LaGrange,V,"15,550",Cook,,,,,1879-06-11,1879-08-20,1879-06-11
DeWitt,V,184,DeWitt,,,,,1879-07-03,1894-10-01,1879-07-03
New Burnside,V,211,Johnson,,,,,1879-07-09,1879-11-10,1879-07-09
Frankfort,V,"17,782",Cook,Will,,,,1879-08-25,1890-05-31,1879-08-25
Strawn,V,100,Livingston,,,,,1879-12-01,1880-11-10,1879-12-01
Pontoosuc,V,146,Hancock,,,,,1879-12-17,1901-09-27,1879-12-17
Braceville,V,793,Grundy,,,,,1880-02-12,1894-06-29,1880-02-12
Crete,V,"8,259",Will,,,,,1880-03-27,1880-07-16,1880-03-27
Hardin,V,967,Calhoun,,,,,1880-05-22,1894-07-24,1880-05-22
Mokena,V,"18,740",Will,,,,,1880-05-24,1890-05-22,1880-05-24
Warrensburg,V,"1,210",Macon,,,,,1880-07-08,1901-11-10,1880-07-08
Belknap,V,104,Johnson,,,,,1880-07-13,1901-07-23,1880-07-13
Thompsonville,V,543,Franklin,,,,,1880-07-17,1880-08-26,1880-07-17
River Forest,V,"11,172",Cook,,,,,1880-10-09,1894-06-26,1880-10-09
Sibley,V,272,Ford,,,,,1880-12-10,1881-03-08,1880-12-10
Rockbridge,V,169,Greene,,,,,1881-01-25,1881-05-12,1881-01-25
Taylorville,C,"11,246",Christian,,,,,1881-01-25,1881-03-10,1881-01-25
Venedy,V,138,Washington,,,,,1881-02-22,1894-07-30,1881-02-22
St. Joseph,V,"3,967",Champaign,,,,,1881-02-25,1881-06-13,1881-02-25
Mt. Zion,V,"5,833",Macon,,,,,1881-04-13,1881-08-04,1881-04-13
Gladstone,V,281,Henderson,,,,,1881-04-20,1894-06-26,1881-04-20
Hoyleton,V,531,Washington,,,,,1881-04-20,1894-08-17,1881-04-20
El Dara,V,78,Pike,,,,,1881-04-23,1881-07-15,1881-04-23
Table Grove,V,416,Fulton,,,,,1881-05-17,1881-06-30,1881-05-17
Loraine,V,313,Adams,,,,,1881-06-20,1901-10-08,1881-06-20
Crainville,V,"1,254",Williamson,,,,,1881-06-28,1901-10-19,1881-06-28
Palmyra,V,698,Macoupin,,,,,1881-07-15,1882-01-18,1881-07-15
Iroquois,V,154,Iroquois,,,,,1881-08-15,1894-10-05,1881-08-15
Chesterfield,V,188,Macoupin,,,,,1881-08-22,1882-01-02,1881-08-22
Pearl,V,138,Pike,,,,,1881-09-01,1894-10-06,1881-09-01
Coal City,V,"5,587",Grundy ,Will,,,,1881-09-22,1881-11-11,1881-09-22
Maywood,V,"24,090",Cook,,,,,1881-10-31,1882-04-03,1881-10-31
Irvington,V,659,Washington,,,,,1881-11-10,1882-01-27,1881-11-10
Cabery,V,266,Ford,,,,,1881-11-12,1894-07-26,1881-11-12
Colfax,V,"1,061",McLean,,,,,1881-12-15,1882-04-27,1881-12-15
Hume,V,380,Edgar,,,,,1881-12-19,1901-10-22,1881-12-19
Ferris,V,156,Hancock,,,,,1882-02-09,1886-02-10,1882-02-09
Fidelity,V,114,Jersey,,,,,1882-02-11,1882-05-05,1882-02-11
Libertyville,V,"20,315",Lake,,,,,1882-03-28,1894-07-06,1882-03-28
Alto Pass,V,391,Union,,,,,1882-04-08,1882-07-03,1882-04-08
Edgewood,V,440,Effingham,,,,,1882-04-24,1882-06-23,1882-04-24
Herscher,V,"1,591",Kankakee,,,,,1882-04-26,1893-05-12,1882-04-26
Marissa,V,"1,979",St. Clair,,,,,1882-05-26,1883-02-15,1882-05-26
Elmhurst,C,"44,121",DuPage,,,,,1882-06-05,1882-08-14,1882-06-05
Paw Paw,V,870,Lee,,,,,1882-06-07,1894-08-21,1882-06-07
Indianola,V,276,Vermilion,,,,,1882-07-15,1901-09-30,1882-07-15
Cullom,V,555,Livingston,,,,,1882-07-27,1901-10-17,1882-07-27
Flanagan,V,"1,110",Livingston,,,,,1882-08-03,1901-10-16,1882-08-03
Kirkland,V,"1,744",DeKalb,,,,,1882-08-16,1882-10-28,1882-08-16
Leaf River,V,443,Ogle,,,,,1882-08-17,1882-11-10,1882-08-17
Adeline,V,85,Ogle,,,,,1882-08-21,1882-11-08,1882-08-21
Browning,V,137,Schuyler,,,,,1882-11-16,1899-05-18,1882-11-16
Rock City,V,315,Stephenson,,,,,1882-12-09,1883-02-20,1882-12-09
Watson,V,754,Effingham,,,,,1882-12-30,1895-07-16,1882-12-30
Wayne City,V,"1,032",Wayne,,,,,1883-03-10,1885-09-22,1883-03-10
Oblong,V,"1,466",Crawford,,,,,1883-04-14,1883-06-15,1883-04-14
Grant Park,V,"1,331",Kankakee,,,,,1883-04-16,1883-06-04,1883-04-16
Eddyville,V,101,Pope,,,,,1883-04-30,1894-08-01,1883-04-30
Nora,V,121,JoDaviess,,,,,1883-05-07,1901-09-25,1883-05-07
Ogden,V,810,Champaign,,,,,1883-06-18,1894-06-26,1883-06-18
Saunemin,V,420,Livingston,,,,,1883-06-30,1894-08-11,1883-06-30
Creal Springs,C,543,Williamson,,,,,1883-08-10,1898-04-14,1883-08-10
Dongola,V,726,Union,,,,,1883-08-24,1884-04-08,1883-08-24
Beecher,V,"4,359",Will,,,,,1883-11-05,1884-01-05,1883-11-05
Bluffs,V,715,Scott,,,,,1883-11-15,1894-07-19,1883-11-15
London Mills,V,392,Fulton,,,,,1883-11-27,1894-09-10,1883-11-27
Bellmont,V,276,Wabash,,,,,1883-12-20,1894-07-17,1883-12-20
Emmington,V,117,Livingston,,,,,1883-12-20,1901-10-08,1883-12-20
Lenzburg,V,521,St. Clair,,,,,1884-01-05,1884-05-02,1884-01-05
Atwood,V,"1,224",Douglas,,,,,1884-01-09,1884-03-07,1884-01-09
Tilton,V,"2,724",Vermilion,,,,,1884-03-17,1884-09-05,1884-03-17
Alhambra,V,681,Madison,,,,,1884-04-05,1884-07-17,1884-04-05
Andalusia,V,"1,178",Rock Island,,,,,1884-04-24,1894-07-05,1884-04-24
Williamsville,V,"1,476",Sangamon,,,,,1884-05-15,1884-08-13,1884-05-15
East Peoria ,C,"23,402",Tazewell,,,,,1884-07-01,1889-07-29,1884-07-01
Kappa,V,227,Woodford,,,,,1884-07-07,1884-09-09,1884-07-07
Latham,V,380,Logan,,,,,1884-07-22,1894-07-19,1884-07-22
Addison,V,"36,942",DuPage,,,,,1884-10-06,1885-01-09,1884-10-06
Crescent City,V,615,Iroquois,,,,,1884-10-13,1884-12-02,1884-10-13
Metcalf,V,189,Edgar,,,,,1885-02-16,1901-09-11,1885-02-16
Sorento,V,498,Bond,,,,,1885-03-11,1894-12-01,1885-03-11
Essex,V,802,Kankakee,,,,,1885-03-31,1885-06-17,1885-03-31
Aledo,C,"3,640",Mercer,,,,,1885-04-21,1885-06-11,1885-04-21
Stonington,V,932,Christian,,,,,1885-06-13,1886-12-10,1885-06-13
St. David,V,589,Fulton,,,,,1885-07-25,1894-09-07,1885-07-25
Ransom,V,384,LaSalle,,,,,1885-08-01,1886-08-02,1885-08-01
Nebo,V,340,Pike,,,,,1885-08-03,1894-06-29,1885-08-03
Ridgway,V,869,Gallatin,,,,,1886-01-04,1901-09-25,1886-01-04
Elburn,V,"5,602",Kane,,,,,1886-01-18,1886-01-21,1886-01-18
Spring Valley,C,"5,558",Bureau,,,,,1886-01-22,1886-03-15,1886-01-22
Western Springs,V,"12,975",Cook,,,,,1886-01-30,1886-03-31,1886-01-30
Kingston,V,"1,164",DeKalb,,,,,1886-02-08,1886-05-07,1886-02-08
Grantfork,V,337,Madison,,,,,1886-02-18,1886-05-08,1886-02-18
Kinsman,V,99,Grundy,,,,,1886-03-26,1886-06-22,1886-03-26
Troy Grove,V,250,LaSalle,,,,,1886-04-03,1886-08-02,1886-04-03
Roberts,V,362,Ford,,,,,1886-08-14,1886-12-13,1886-08-14
Rankin,V,561,Vermilion,,,,,1886-08-17,1894-07-06,1886-08-17
Victoria,V,316,Knox,,,,,1886-10-18,1894-08-16,1886-10-18
Highwood,C,"5,405",Lake,,,,,1886-11-27,1887-04-20,1886-11-27
Hartsburg,V,314,Logan,,,,,1886-12-20,1901-10-01,1886-12-20
Manhattan,V,"7,051",Will,,,,,1886-12-20,1890-07-19,1886-12-20
Vergennes,V,298,Jackson,,,,,1887-02-14,1895-05-29,1887-02-14
Arlington Heights,V,"75,101",Cook ,Lake,,,,1887-02-16,1901-09-17,1887-02-16
West Dundee,V,"7,331",Kane,,,,,1887-03-15,1890-06-03,1887-03-15
Percy,V,970,Randolph,,,,,1887-04-14,1887-08-01,1887-04-14
Sumner,C,"3,174",Lawrence,,,,,1887-04-19,1887-06-10,1887-04-19
Elizabeth,V,761,JoDaviess,,,,,1887-05-03,1887-08-13,1887-05-03
LaRose,V,144,Marshall,,,,,1887-05-16,1894-06-29,1887-05-16
Milledgeville,V,"1,032",Carroll,,,,,1887-05-24,1887-07-15,1887-05-24
Carpentersville,V,"37,691",Kane,,,,,1887-06-13,1894-06-26,1887-06-13
East Dundee,V,"2,860",Kane,,,,,1887-06-13,1901-09-20,1887-06-13
Baylis,V,205,Pike,,,,,1887-09-01,1887-10-27,1887-09-01
Keyesport,V,421,Clinton,,,,,1887-09-08,1888-02-20,1887-09-08
Kampsville,V,328,Calhoun,,,,,1887-10-08,1887-11-21,1887-10-08
Dahlgren,V,525,Hamilton,,,,,1887-12-24,1888-01-24,1887-12-24
Hudson,V,"1,838",McLean,,,,,1888-01-16,1902-07-01,1888-01-16
Makanda,V,561,Jackson,,,,,1888-02-07,1888-05-07,1888-02-07
Skokie,V,"64,784",Cook,,,,,1888-02-16,1888-05-18,1888-02-16
Kangley,V,251,LaSalle,,,,,1888-02-21,1888-03-29,1888-02-21
Godley,V,601,Will,,,,,1888-03-14,1888-05-03,1888-03-14
Omaha,V,266,Gallatin,,,,,1888-03-30,1890-07-09,1888-03-30
Delavan,C,"1,689",Tazewell,,,,,1888-04-17,1888-07-17,1888-04-17
Bingham,V,83,Fayette,,,,,1888-04-28,1888-07-06,1888-04-28
Brussels,V,141,Calhoun,,,,,1888-04-28,1888-06-27,1888-04-28
Bonfield,V,382,Kankakee,,,,,1888-05-31,1888-08-22,1888-05-31
Lyons,V,"10,729",Cook,,,,,1888-07-18,1888-10-13,1888-07-18
Olmsted,V,333,Pulaski,,,,,1888-09-29,1888-12-27,1888-09-29
River Grove,V,"10,227",Cook,,,,,1888-10-06,1889-01-07,1888-10-06
Brookport,C,984,Massac,,,,,1888-11-13,1902-05-31,1888-11-13
Kempton,V,231,Ford,,,,,1889-01-02,1901-09-20,1889-01-02
Smithboro,V,177,Bond,,,,,1889-01-15,1894-08-07,1889-01-15
Hindsboro,V,313,Douglas,,,,,1889-02-01,1892-01-18,1889-02-01
Glasford,V,"1,022",Peoria,,,,,1889-02-02,1889-06-05,1889-02-02
Smithfield,V,230,Fulton,,,,,1889-03-01,1894-07-28,1889-03-01
Melvin,V,452,Ford,,,,,1889-03-12,1894-07-10,1889-03-12
Matteson,V,"19,009",Cook,,,,,1889-03-20,1894-07-20,1889-03-20
Winslow,V,338,Stephenson,,,,,1889-05-20,1889-06-26,1889-05-20
Seatonville,V,314,Bureau,,,,,1889-06-10,1889-07-31,1889-06-10
Rock Falls,C,"9,266",Whiteside,,,,,1889-06-21,1889-07-08,1889-06-21
Sidell,V,617,Vermilion,,,,,1889-10-07,1889-12-30,1889-10-07
Coffeen,C,685,Montgomery,,,,,1889-11-12,1889-12-05,1889-11-12
Itasca,V,"8,649",DuPage,,,,,1890-01-13,1901-10-17,1890-01-13
Herrick,V,436,Shelby,,,,,1890-01-25,1890-04-29,1890-01-25
Brocton,V,322,Edgar,,,,,1890-02-01,1901-09-09,1890-02-01
Fairbury,C,"3,757",Livingston,,,,,1890-02-03,1890-05-03,1890-02-03
Lerna,V,286,Coles,,,,,1890-02-05,1890-05-06,1890-02-05
Springerton,V,110,White,,,,,1890-02-25,1894-08-30,1890-02-25
Algonquin,V,"30,046",Kane ,McHenry,,,,1890-02-27,1894-07-06,1890-02-27
Arrowsmith,V,294,McLean,,,,,1890-03-03,1894-07-17,1890-03-03
Belleflower,V,357,McLean,,,,,1890-03-11,1890-10-01,1890-03-11
Stockton,V,"1,862",JoDaviess,,,,,1890-04-15,1890-05-22,1890-04-15
Hammond,V,509,Piatt,,,,,1890-04-18,1901-09-14,1890-04-18
Gilberts,V,"6,879",Kane,,,,,1890-06-02,1893-06-03,1890-06-02
Ladd,V,"1,295",Bureau,,,,,1890-06-10,1890-09-08,1890-06-10
Summit,V,"11,054",Cook,,,,,1890-06-20,1891-05-04,1890-06-20
Fillmore,V,330,Montgomery,,,,,1890-08-12,1894-06-29,1890-08-12
Reddick,V,163,Kankakee ,Livingston,,,,1890-09-03,1894-07-24,1890-09-03
New Grand Chain,V,210,Pulaski,,,,,1890-11-10,1891-02-04,1890-11-10
Clark City,V,,Kankakee,,,,,1890-12-06,1893-05-12,1890-12-06
Grand Ridge,V,560,LaSalle,,,,,1891-01-14,1891-06-15,1891-01-14
Argenta,V,947,Macon,,,,,1891-01-29,1894-10-30,1891-01-29
Bartlett,V,"41,208",Cook,DuPage,Kane,,,1891-03-02,1892-06-21,1891-03-02
New Salem,V,137,Pike,,,,,1891-04-01,1970-09-25,1891-04-01
Leonore,V,130,LaSalle,,,,,1891-04-20,1891-06-15,1891-04-20
Pearl City,V,838,Stephenson,,,,,1891-06-04,1893-03-21,1891-06-04
Harvey,C,"25,282",Cook,,,,,1891-06-18,1891-07-15,1891-06-18
Cissna Park,V,846,Iroquois,,,,,1891-07-13,1891-11-23,1891-07-13
Huey,V,169,Clinton,,,,,1891-08-03,1891-08-06,1891-08-03
Ewing,V,307,Franklin,,,,,1891-09-01,1892-06-16,1891-09-01
Forest City,V,246,Mason,,,,,1891-09-25,1897-05-07,1891-09-25
Madison,C,"3,891",Madison,,,,,1891-11-02,1894-07-10,1891-11-02
Flat Rock,V,331,Crawford,,,,,1891-11-07,1892-02-25,1891-11-07
Pawnee,V ,"2,739",Sangamon,,,,,1891-12-12,1894-06-26,1891-12-12
Hull,V,461,Pike,,,,,1892-01-13,1894-08-07,1892-01-13
Carbon Hill,V,345,Grundy,,,,,1892-01-23,1892-06-04,1892-01-23
Carterville,C,"5,496",Williamson,,,,,1892-03-08,1894-07-30,1892-03-08
Alvan,V,270,Vermilion,,,,,1892-03-17,1893-05-22,1892-03-17
Montrose,V,201,Effingham,,,,,1892-03-21,1894-07-24,1892-03-21
Oakford,V,286,Menard,,,,,1892-03-22,1892-06-01,1892-03-22
Bone Gap,V,246,Edwards,,,,,1892-03-30,1892-06-14,1892-03-30
Glen Ellyn,V,"27,450",DuPage,,,,,1892-05-10,1892-06-27,1892-05-10
Hettick,V,181,Macoupin,,,,,1892-05-10,1892-09-21,1892-05-10
Findlay,V,683,Shelby,,,,,1892-05-16,1893-05-08,1892-05-16
Browns,V,134,Edwards,,,,,1892-05-25,1892-07-16,1892-05-25
Weldon,V,429,DeWitt,,,,,1892-05-25,1894-10-01,1892-05-25
Orland Park,V,"56,767",Cook,,,,,1892-05-31,1894-08-15,1892-05-31
Willow Springs,V,"5,524",Cook,,,,,1892-06-01,1892-08-23,1892-06-01
Glen Carbon,V,"12,934",Madison,,,,,1892-06-06,1894-07-10,1892-06-06
Campus,V,166,Livingston,,,,,1892-06-10,1892-09-07,1892-06-10
Tinley Park,V,"56,703",Cook ,Will,,,,1892-06-28,1892-09-19,1892-06-28
LaGrange Park,V,"13,579",Cook,,,,,1892-07-14,1894-06-21,1892-07-14
Franklin Park,V,"18,333",Cook,,,,,1892-08-03,1892-11-26,1892-08-03
Chadwick,V,551,Carroll,,,,,1892-08-08,1892-10-07,1892-08-08
Chicago Heights,C,"30,276",Cook,,,,,1892-09-29,1893-02-06,1892-09-29
Sublette,V,449,Lee,,,,,1892-12-27,1893-03-20,1892-12-27
Dolton,V,"23,153",Cook,,,,,1892-12-28,1893-03-30,1892-12-28
Riverdale,V,"13,549",Cook,,,,,1892-12-28,1893-03-30,1892-12-28
Sailor Springs,V,95,Clay,,,,,1892-12-29,1893-02-18,1892-12-29
Cary,V,"18,271",McHenry,,,,,1893-02-03,1894-07-17,1893-02-03
Homewood,V,"19,323",Cook,,,,,1893-02-11,1893-03-30,1893-02-11
Arenzville,V,409,Cass,,,,,1893-02-13,1893-05-13,1893-02-13
Simpson,V,60,Johnson,,,,,1893-03-02,1901-07-20,1893-03-02
Lansing,V,"28,331",Cook,,,,,1893-03-04,1893-03-30,1893-03-04
Dieterich,V,617,Effingham,,,,,1893-03-13,1894-07-30,1893-03-13
Melrose Park,V,"25,411",Cook,,,,,1893-03-13,1894-05-21,1893-03-13
Bishop Hill,V,128,Henry,,,,,1893-03-24,1893-06-23,1893-03-24
Pierron,V,600,Bond ,Madison,,,1893-03-24,1893-03-24,1893-04-21,1893-03-24
West Point,V,178,Hancock,,,,,1893-05-02,1893-08-16,1893-05-02
Millington,V,665,Kendall,,,,,1893-05-03,1894-01-03,1893-05-03
Hollowayville,V,84,Bureau,,,,,1893-06-17,1893-11-03,1893-06-17
Farmersville,V,724,Montgomery,,,,,1893-07-03,1894-07-17,1893-07-03
Brookfield,V,"18,978",Cook,,,,,1893-11-07,1905-08-24,1893-11-07
East Galesburg,V,812,Knox,,,,,1893-12-06,1894-03-31,1893-12-06
Evergreen Park,V,"19,852",Cook,,,,,1893-12-20,1894-02-07,1893-12-20
Ellis Grove,V,363,Randolph,,,,,1894-02-04,1894-05-23,1894-02-04
Macedonia,V,63,Franklin,,,,,1894-03-03,1894-05-18,1894-03-03
Toluca,C,"1,414",Marshall,,,,,1894-03-13,1894-07-17,1894-03-13
Emden,V,485,Logan,,,,,1894-03-31,1894-06-11,1894-03-31
Woodson,V,512,Morgan,,,,,1894-04-09,1895-06-19,1894-04-09
Gibson,C,"3,407",Ford,,,,,1894-04-17,1894-06-06,1894-04-17
East Alton,V,"6,301",Madison,,,,,1894-05-04,1894-05-07,1894-05-04
Stronghurst,V,883,Henderson,,,,,1894-05-05,1894-08-08,1894-05-05
Little York,V,331,Warren,,,,,1894-05-11,1894-09-08,1894-05-11
South Holland,V,"22,030",Cook,,,,,1894-05-12,1894-05-16,1894-05-12
Bensenville,V,"18,352",DuPage,,,,,1894-05-19,1894-07-17,1894-05-19
Fisher,V,"1,881",Champaign,,,,,1894-05-31,1894-10-24,1894-05-31
Wheeler,V,147,Jasper,,,,,1894-06-01,1895-05-10,1894-06-01
Reynolds,V,539,Rock Island,,,,,1894-06-08,1897-01-22,1894-06-08
Fairmount,V,642,Vermilion,,,,,1894-06-18,1894-07-11,1894-06-18
Lisbon,V,285,Kendall,,,,,1894-07-05,1894-08-21,1894-07-05
Wheeling,V,"37,648",Cook,,,,,1894-07-17,1894-08-27,1894-07-17
Ava,C,654,Jackson,,,,,1894-07-26,1894-12-10,1894-07-26
Niantic,V,707,Macon,,,,,1894-08-23,1894-11-15,1894-08-23
West Brooklyn,V,142,Lee,,,,,1894-09-03,1895-05-20,1894-09-03
Carrier Mills,V,"1,653",Saline,,,,,1894-09-19,1894-11-20,1894-09-19
Cantrall,V,139,Sangamon,,,,,1894-11-20,1895-02-18,1894-11-20
Kingston Mines,V,302,Peoria,,,,,1894-12-12,1901-11-09,1894-12-12
Alpha,V,671,Henry,,,,,1894-12-22,1895-06-17,1894-12-22
Okawville,V,"1,434",Washington,,,,,1894-12-22,1895-01-17,1894-12-22
Romeoville,V,"39,680",Will,,,,,1895-01-21,1901-10-02,1895-01-21
Grays Lake,V,"20,957",Lake,,,,,1895-01-26,1895-05-11,1895-01-26
New Berlin,V,"1,346",Sangamon,,,,,1895-02-02,1901-09-28,1895-02-02
Beecher City,V,463,Effingham,,,,,1895-02-05,1895-05-11,1895-02-05
St. Libory,V,615,St. Clair,,,,,1895-03-19,1901-09-24,1895-03-19
Mt. Erie,V,88,Wayne,,,,,1895-03-26,1895-05-10,1895-03-26
Swansea,V,"13,430",St. Clair,,,,,1895-04-08,1901-10-21,1895-04-08
Popular Grove,V,"5,023",Boone,,,,,1895-04-11,1901-10-17,1895-04-11
Andover,V,578,Henry,,,,,1895-04-30,1895-05-08,1895-04-30
Mazon,V,"1,015",Grundy,,,,,1895-04-30,1895-05-28,1895-04-30
North Chicago,C,"32,574",Lake,,,,,1895-05-07,1895-06-24,1895-05-07
DeSoto,V,"1,590",Jackson,,,,,1895-05-11,1895-05-16,1895-05-11
Waggoner,V,266,Montgomery,,,,,1895-06-08,1895-08-01,1895-06-08
Diamond,V,"2,527",Grundy,,,,,1895-06-27,1895-08-23,1895-06-27
Shumway,V,202,Effingham,,,,,1895-07-20,1895-09-20,1895-07-20
Hebron,V,"1,216",McHenry,,,,,1895-09-23,1896-01-16,1895-09-23
Morton Grove,V,"23,270",Cook,,,,,1895-09-24,1895-12-24,1895-09-24
Crossville,V,745,White,,,,,1895-09-30,1895-10-22,1895-09-30
Lake Bluff,V,"5,722",Lake,,,,,1895-10-26,1895-11-08,1895-10-26
Hecker,V,481,Monroe,,,,,1895-11-12,1895-11-20,1895-11-12
Williamsfield,V,578,Knox,,,,,1896-01-06,1896-04-03,1896-01-06
Kenilworth,V,"2,513",Cook,,,,,1896-02-04,1896-05-06,1896-02-04
Johnston City,C,"3,543",Williamson,,,,,1896-02-11,1896-05-04,1896-02-11
Cisco,V,261,Piatt,,,,,1896-02-17,1901-09-26,1896-02-17
Plainville,V,264,Adams,,,,,1896-02-19,1896-05-28,1896-02-19
Bradley,V,"15,895",Kankakee,,,,,1896-03-02,1896-06-02,1896-03-02
Fithian,V,485,Vermilion,,,,,1896-03-03,1896-05-02,1896-03-03
Mill Shoals,V,215,White,,,,,1896-03-07,1896-05-04,1896-03-07
Granite City,C,"29,849",Madison,,,,,1896-03-09,1896-06-08,1896-03-09
Modesto,V,189,Macoupin,,,,,1896-03-16,1896-06-11,1896-03-16
Easton,V,321,Mason,,,,,1896-03-19,1896-06-16,1896-03-19
Berlin,V,180,Sangamon,,,,,1896-03-27,1900-07-06,1896-03-27
St. Elmo,C,"1,426",Fayette,,,,,1896-04-21,1896-06-24,1896-04-21
Addieville,V,252,Washington,,,,,1896-05-18,1896-07-16,1896-05-18
Hodgkins,V,"1,897",Cook,,,,,1896-07-01,1901-10-31,1896-07-01
Westville,V,"3,202",Vermilion,,,,,1896-08-17,1901-10-21,1896-08-17
Sherrard,V,640,Mercer,,,,,1896-10-10,1896-10-20,1896-10-10
Steger,V,"9,570",Cook ,Will,,,,1896-12-24,1897-02-23,1896-12-24
Batchtown,V,214,Calhoun,,,,,1897-02-06,1897-06-04,1897-02-06
Elkville,V,928,Jackson,,,,,1897-04-19,1897-05-28,1897-04-19
South Elgin 6,V,"21,985",Kane,,,,,1897-04-20,1897-08-03,1897-04-20
Donnellson,V,210,Montgomery,,,,,1897-05-13,1897-06-13,1897-05-13
Golden Gate,V,68,Wayne,,,,,1897-05-14,1901-10-18,1897-05-14
New Holland,V,269,Logan,,,,,1897-06-07,1897-08-02,1897-06-07
Hamburg,V,128,Calhoun,,,,,1897-07-21,1902-01-16,1897-07-21
Union,V,580,McHenry,,,,,1897-08-30,1897-11-12,1897-08-30
Broughton,V,194,Hamilton,,,,,1897-10-05,1899-02-23,1897-10-05
Johnsonville,V,77,Wayne,,,,,1897-11-27,1901-10-19,1897-11-27
Woodland,V,324,Iroquois,,,,,1897-12-01,1901-10-12,1897-12-01
Cisne,V,672,Wayne,,,,,1898-01-15,1901-10-18,1898-01-15
Pulaski,V,206,Pulaski,,,,,1898-02-26,1898-07-01,1898-02-26
Herrin,C,"12,501",Williamson,,,,,1898-03-21,1898-05-03,1898-03-21
Mill Creek,V,65,Union,,,,,1898-04-22,1898-06-14,1898-04-22
Ina,V,"2,338",Jefferson,,,,,1898-07-15,1898-11-28,1898-07-15
Witt,C,903,Montgomery,,,,,1898-07-23,1898-09-24,1898-07-23
Muncie,V,146,Vermilion,,,,,1898-10-03,1899-01-14,1898-10-03
Peoria Heights,V,"6,156",Peoria,,,,,1898-11-21,1901-11-10,1898-11-21
Bartelso,V,595,Clinton,,,,,1898-12-19,1901-09-24,1898-12-19
Bowen,V,494,Hancock,,,,,1898-12-29,1899-01-23,1898-12-29
Redmon,V,173,Edgar,,,,,1899-03-01,1901-09-14,1899-03-01
Glenview,V,"44,692",Cook,,,,,1899-06-20,1901-11-02,1899-06-20
Long Point,V,226,Livingston,,,,,1899-07-27,1901-10-02,1899-07-27
Mineral,V,237,Bureau,,,,,1899-08-16,1901-10-05,1899-08-16
South Wilmington,V,681,Grundy,,,,,1899-08-22,1899-11-03,1899-08-22
Niles,V,"29,803",Cook,,,,,1899-08-24,1901-09-26,1899-08-24
Deland,V,446,Piatt,,,,,1899-09-19,1900-03-07,1899-09-19
Deer Creek,V,704,Tazewell,,,,,1899-12-26,1900-03-21,1899-12-26
Divernon,V,"1,172",Sangamon,,,,,1900-01-02,1909-09-20,1900-01-02
Ullin,V,463,Pulaski,,,,,1900-02-19,1900-03-09,1900-02-19
Bellwood,V,"19,071",Cook,,,,,1900-02-24,1900-05-21,1900-02-24
Spillertown,V,203,Williamson,,,,,1900-03-03,1900-05-29,1900-03-03
Willisville,V,633,Perry,,,,,1900-03-05,1901-10-10,1900-03-05
Goreville,V,"1,049",Johnson,,,,,1900-04-17,1900-07-05,1900-04-17
Thornton,V,"2,338",Cook,,,,,1900-08-04,1900-09-11,1900-08-04
Phoenix,V,"1,964",Cook,,,,,1900-08-29,1900-09-20,1900-08-29
Thomasboro,V,"1,126",Champaign,,,,,1900-09-01,1900-11-27,1900-09-01
Harmon,V,120,Lee,,,,,1900-10-12,1901-02-22,1900-10-12
Hidalgo,V,106,Jasper,,,,,1900-11-05,1902-05-05,1900-11-05
Middletown,V,324,Logan,,,,,1900-11-17,1901-02-15,1900-11-17
Posen,V,"5,987",Cook,,,,,1900-12-01,1901-09-18,1900-12-01
Cave in Rock,V,318,Hardin,,,,,1901-01-07,1901-04-19,1901-01-07
Lake Villa,V,"8,741",Lake,,,,,1901-02-26,1901-10-26,1901-02-26
West Frankfort,C,"8,182",Franklin,,,,,1901-03-16,1901-09-18,1901-03-16
Donovan,V,304,Iroquois,,,,,1901-04-16,1901-08-12,1901-04-16
Joy,V,417,Mercer,,,,,1901-06-15,1901-07-25,1901-06-15
Rose Hill,V,80,Jasper,,,,,1901-06-19,1902-04-08,1901-06-19
Winthrop Harbor,V,"6,742",Lake,,,,,1901-07-15,1901-10-12,1901-07-15
Maunie,V,139,White,,,,,1901-07-22,1901-09-03,1901-07-22
Joppa,V,360,Massac,,,,,1901-10-28,1902-01-24,1901-10-28
Thayer,V,693,Sangamon,,,,,1901-10-30,1901-12-17,1901-10-30
Norris City,V,"1,275",White,,,,,1901-11-06,1901-12-04,1901-11-06
Cooksville,V,182,McLean,,,,,1901-11-07,1902-03-22,1901-11-07
Willow Hill,V,230,Jasper,,,,,1901-11-11,1901-11-14,1901-11-11
Oak Park,V,"51,878",Cook,,,,,1901-11-13,1902-03-18,1901-11-13
Berwyn,C,"56,657",Cook,,,,,1901-11-15,1902-03-18,1901-11-15
Mount Station,V,122,Brown,,,,,1901-12-10,1901-12-23,1901-12-10
Sheldon,V,"1,070",Iroquois,,,,,1901-12-23,1902-01-11,1901-12-23
Media,V,107,Henderson,,,,,1902-01-01,1902-03-05,1902-01-01
Owaneco,V,239,Christian,,,,,1902-01-20,1902-05-31,1902-01-20
Wellington,V,242,Iroquois,,,,,1902-01-21,1902-04-08,1902-01-21
Broadlands,V,349,Champaign,,,,,1902-03-12,1902-04-29,1902-03-12
Zion,C,"24,413",Lake,,,,,1902-03-31,1902-04-02,1902-03-31
Allerton,V,291,Vermilion ,,,,,1902-05-07,1902-06-26,1902-05-07
Maryville,V,"7,487",Madison,,,,,1902-06-04,1902-07-21,1902-06-04
Buckingham,V,300,Kankakee,,,,,1902-07-15,1902-08-14,1902-07-15
Irwin,V,74,Kankakee,,,,,1902-08-06,1902-10-25,1902-08-06
Spring Grove,V,"5,778",McHenry,,,,,1902-09-10,1903-02-09,1902-09-10
East Moline,C,"21,302",Rock Island,,,,,1902-12-20,1903-02-20,1902-12-20
Oglesby,C,"3,791",LaSalle,,,,,1902-12-23,1903-03-16,1902-12-23
Glenwood,V,"8,969",Cook,,,,,1903-02-04,1903-03-11,1903-02-04
Rockdale,V,"1,976",Will,,,,,1903-02-09,1903-03-19,1903-02-09
Detroit,V,83,Pike,,,,,1903-03-14,1903-04-10,1903-03-14
St. Johns,V,219,Perry,,,,,1903-04-06,1912-11-06,1903-04-06
Steward,V,256,Lee,,,,,1903-04-13,1903-09-01,1903-04-13
Deerfield,V,"18,225",Lake,,,,,1903-04-14,1903-06-22,1903-04-14
Thawville,V,241,Iroquois,,,,,1903-04-16,1905-07-15,1903-04-16
Hanna City,V,"1,225",Peoria,,,,,1903-04-18,1903-09-09,1903-04-18
Garrett,V,162,Douglas,,,,,1903-04-19,1903-06-03,1903-04-19
Sheridan,V,"2,137",LaSalle,,,,,1903-04-28,1903-06-13,1903-04-28
Bartonville,V,"6,471",Peoria,,,,,1903-06-02,1903-12-09,1903-06-02
East Brooklyn,V,106,Grundy,,,,,1903-07-01,1904-11-01,1903-07-01
Elliott,V,295,Ford,,,,,1903-07-01,1903-10-07,1903-07-01
Long View,V,153,Champaign,,,,,1903-07-01,1903-08-11,1903-07-01
Colona,C,"5,099",Henry,,,,,1903-07-06,1905-05-15,1903-07-06
Hillview,V,193,Greene,,,,,1903-07-06,1904-01-20,1903-07-06
Oakwood,V,"1,595",Vermilion,,,,,1903-08-03,1903-11-04,1903-08-03
Verona,V,215,Grundy,,,,,1903-09-09,1904-01-15,1903-09-09
Christopher,C,"2,382",Franklin,,,,,1903-09-29,1906-05-15,1903-09-29
Dalzell,V,717,Bureau,,,,,1903-11-24,1904-02-11,1903-11-24
Kilbourne,V,302,Mason,,,,,1903-11-24,1904-01-20,1903-11-24
Union Hill,V,58,Kankakee,,,,,1903-12-23,1904-03-01,1903-12-23
Mounds,C,810,Pulaski,,,,,1904-02-01,1904-02-08,1904-02-01
Villa Grove,C,"2,537",Douglas,,,,,1904-02-10,1904-03-24,1904-02-10
Maeystown,V,157,Monroe,,,,,1904-03-28,1904-06-15,1904-03-28
Camargo,V,445,Douglas,,,,,1904-04-13,1904-05-23,1904-04-13
Tilden,V,934,Randolph,,,,,1904-04-14,1923-10-30,1904-04-14
Benld,C,"1,556",Macoupin,,,,,1904-07-30,1904-12-10,1904-07-30
Armington,V,343,Tazewell,,,,,1904-08-30,1904-11-21,1904-08-30
Henning,V,251,Vermilion,,,,,1904-09-05,1904-12-06,1904-09-05
Symerton,V,87,Will,,,,,1904-09-27,1905-01-03,1904-09-27
Barclay,V,,Sangamon,,,,,1904-11-10,1905-02-09,1904-11-10
Cambria,V,"1,228",Williamson,,,,,1905-01-05,1905-02-04,1905-01-05
Cypress,V,234,Johnson,,,,,1905-01-09,1905-02-15,1905-01-09
Beckemeyer,V,"1,040",Clinton,,,,,1905-02-23,1905-05-08,1905-02-23
North Aurora,V,"16,760",Kane,,,,,1905-03-13,1905-10-13,1905-03-13
Eldred,V,201,Greene,,,,,1905-03-27,1905-06-22,1905-03-27
Whiteash,V,241,Williamson,,,,,1905-06-16,1905-08-24,1905-06-16
Manlius,V,359,Bureau,,,,,1905-06-21,1905-07-26,1905-06-21
Shiloh,V,"12,651",St. Clair,,,,,1905-07-18,1905-10-13,1905-07-18
Bush,V,275,Williamson,,,,,1905-09-07,1905-10-18,1905-09-07
Cherry,V,482,Bureau,,,,,1905-10-28,1905-12-06,1905-10-28
Gays,V,281,Moultrie,,,,,1905-11-08,1906-01-25,1905-11-08
Livingston,V,858,Madison,,,,,1905-11-15,1906-02-07,1905-11-15
Spaulding,V,873,Sangamon,,,,,1905-11-20,1906-02-14,1905-11-20
Mark,V,555,Putnam,,,,,1905-12-04,1906-02-26,1905-12-04
Hillside,V,"8,157",Cook,,,,,1905-12-06,1906-03-15,1905-12-06
Potomac,V,750,Vermilion,,,,,1905-12-19,1906-02-02,1905-12-19
Hurst,C,795,Williamson,,,,,1905-12-29,1906-03-15,1905-12-29
Pesotum,V,551,Champaign,,,,,1906-02-24,1906-05-24,1906-02-24
Keensburg,V,210,Wabash,,,,,1906-06-15,1908-05-12,1906-06-15
Old Ripley,V,108,Bond,,,,,1906-06-25,1906-09-04,1906-06-25
Burlington,V,618,Kane,,,,,1906-07-16,1906-10-05,1906-07-16
Gorham,V,236,Jackson,,,,,1906-07-18,1913-02-13,1906-07-18
Allenville,V,148,Moultrie,,,,,1906-09-12,1906-09-18,1906-09-12
Sesser,C,"1,931",Franklin,,,,,1906-10-08,1906-12-20,1906-10-08
Panama,V,343,Bond ,Montgomery,,,,1906-11-16,1906-12-29,1906-11-16
Carbon Cliff,V,"2,134",Rock Island,,,,,1906-12-10,1907-03-09,1906-12-10
Fox Lake,V,"10,579",Lake,,,,,1906-12-15,1907-04-13,1906-12-15
Silvis,C,"7,479",Rock Island,,,,,1906-12-19,1907-03-13,1906-12-19
Burnham,V,"4,206",Cook,,,,,1907-02-08,1907-03-29,1907-02-08
Pingree Grove,V,"4,532",Kane,,,,,1907-02-14,1907-04-30,1907-02-14
Cutler,V,441,Perry,,,,,1907-02-18,1907-05-16,1907-02-18
German Valley,V,463,Stephenson,,,,,1907-02-19,1923-10-31,1907-02-19
Williamson,V,230,Madison,,,,,1907-03-14,1907-05-13,1907-03-14
South Chicago Heights ,V,"4,139",Cook,,,,,1907-03-20,1907-08-17,1907-03-20
Schram City,V,586,Montgomery,,,,,1907-05-13,1907-06-24,1907-05-13
Royalton,V,"1,151",Franklin,,,,,1907-06-03,1908-05-20,1907-06-03
Sawyerville,V,279,Macoupin,,,,,1907-06-12,1907-10-21,1907-06-12
White City,V,232,Macoupin,,,,,1907-06-21,1907-11-01,1907-06-21
Dupo,V,"4,138",St. Clair,,,,,1907-08-05,1912-07-08,1907-08-05
Energy,V,"1,146",Williamson,,,,,1907-08-08,1914-06-22,1907-08-08
Seaton,V,222,Mercer,,,,,1907-08-10,1907-09-26,1907-08-10
Forest Park,V,"14,167",Cook,,,,,1907-08-12,1907-08-27,1907-08-12
Cedar Point,V,277,LaSalle,,,,,1907-10-03,1908-06-22,1907-10-03
Standard,V,220,Putnam,,,,,1907-10-16,1907-11-25,1907-10-16
Stoy,V,104,Crawford,,,,,1907-11-29,1909-05-29,1907-11-29
Belgium,V,404,Vermilion,,,,,1908-05-19,1908-07-17,1908-05-19
Vernon,V,129,Marion,,,,,1908-06-26,1911-07-27,1908-06-26
Norris,V,213,Fulton,,,,,1908-08-19,1908-10-29,1908-08-19
Wood River,C,"10,657",Madison,,,,,1908-09-16,1908-09-20,1908-09-16
Round Lake,V,"18,289",Lake,,,,,1908-12-14,1909-01-15,1908-12-14
Marietta,V,112,Fulton,,,,,1909-01-04,1909-02-06,1909-01-04
Oak Lawn,V,"56,690",Cook,,,,,1909-02-04,1909-05-13,1909-02-04
Pittsburg,V,572,Williamson,,,,,1909-02-10,1909-05-05,1909-02-10
Mundelein,V,"31,064",Lake,,,,,1909-07-12,1925-04-08,1909-07-12
Hanaford,V,327,Franklin,,,,,1909-07-20,1910-05-25,1909-07-20
Taylor Springs,V,690,Montgomery,,,,,1909-09-10,1909-10-26,1909-09-10
St. Peter,V,359,Fayette,,,,,1909-09-22,1909-11-12,1909-09-22
Junction,V,129,Gallatin,,,,,1909-11-11,1910-05-20,1909-11-11
Sims,V,252,Wayne,,,,,1909-11-27,1910-03-21,1909-11-27
Valmeyer,V,"1,263",Monroe,,,,,1909-12-04,1910-01-03,1909-12-04
Brownstown,V,759,Fayette,,,,,1909-12-06,1910-01-26,1909-12-06
Waltonville,V,434,Jefferson,,,,,1911-03-06,1911-05-17,1911-03-06
Matherville,V,723,Mercer,,,,,1911-03-27,1911-06-09,1911-03-27
West City,V,661,Franklin,,,,,1911-04-24,1911-07-10,1911-04-24
Littleton,V,181,Schuyler,,,,,1911-05-15,1911-06-23,1911-05-15
South Jacksonville,V,"3,331",Morgan,,,,,1911-07-07,1911-08-10,1911-07-07
Calumet City,C,"37,042",Cook,,,,,1911-07-22,1911-08-01,1911-07-22
Lincolnwood,V,"12,590",Cook,,,,,1911-09-29,1911-12-01,1911-09-29
Justice,V,"12,926",Cook,,,,,1911-10-17,1911-11-26,1911-10-17
Hazel Crest,V,"14,100",Cook,,,,,1911-10-19,1912-02-12,1911-10-19
Stillman Valley,V,"1,120",Ogle,,,,,1911-12-11,1912-03-13,1911-12-11
Junction City,V,482,Marion,,,,,1912-05-06,1912-07-22,1912-05-06
Calumet Park,V,"7,835",Cook,,,,,1912-06-24,1925-12-02,1912-06-24
Buckner,V,462,Franklin,,,,,1912-07-02,1913-03-15,1912-07-02
Calhoun,V,172,Richland,,,,,1912-07-11,1912-09-20,1912-07-11
Freemanspur,V,287,Williamson,,,,,1913-05-28,1921-03-07,1913-05-28
Lomax,V,454,Henderson,,,,,1913-11-04,1914-01-28,1913-11-04
Stickney,V,"6,786",Cook,,,,,1913-11-10,1913-12-29,1913-11-10
Broadview,V,"7,932",Cook,,,,,1913-12-06,1914-01-22,1913-12-06
Colp,V,225,Williamson,,,,,1913-12-13,1914-04-16,1913-12-13
Zeigler,C,"1,801",Franklin,,,,,1914-01-03,1914-06-02,1914-01-03
Schiller Park,V,"11,793",Cook,,,,,1914-01-20,1914-03-21,1914-01-20
Concord,V,167,Morgan,,,,,1914-01-30,1914-02-18,1914-01-30
Bonnie,V,397,Jefferson,,,,,1914-02-14,1914-03-23,1914-02-14
Fairmont City,V,"2,635",St. Clair,,,,,1914-03-03,1923-09-27,1914-03-03
Coleta,V,164,Whiteside,,,,,1914-03-04,1914-03-19,1914-03-04
Elmwood Park,V,"24,883",Cook,,,,,1914-03-24,1914-06-24,1914-03-24
Bulpitt,V,222,Christian,,,,,1914-04-27,1914-07-10,1914-04-27
Iola,V,141,Clay,,,,,1914-05-09,1914-07-13,1914-05-09
Villa Park,V,"21,904",DuPage,,,,,1914-08-08,1915-05-15,1914-08-08
Jeiseyville,V,107,Christian,,,,,1914-08-13,1986-08-12,1914-08-13
Worth,V,"10,789",Cook,,,,,1914-08-29,1914-10-08,1914-08-29
Chicago Ridge,V,"14,305",Cook,,,,,1914-09-01,1914-10-27,1914-09-01
Crystal Lake,C,"40,743",McHenry,,,,,1914-09-23,1914-12-09,1914-09-23
Tovey,V,512,Christian,,,,,1914-10-15,1934-01-22,1914-10-15
Palos Park,V,"4,847",Cook,,,,,1914-10-31,1923-12-22,1914-10-31
Kincaid,V,"1,505",Christian,,,,,1915-01-05,1934-01-26,1915-01-05
Karnak,V,499,Pulaski,,,,,1915-01-11,1923-10-17,1915-01-11
Mount Clare,V,278,Macoupin,,,,,1915-04-16,1934-05-28,1915-04-16
North City,V,608,Franklin,,,,,1915-08-03,1915-12-03,1915-08-03
Eagarville,V,127,Macoupin,,,,,1915-10-28,1916-03-28,1915-10-28
Buncombe,V,203,Johnson,,,,,1916-01-20,1916-07-28,1916-01-20
Green Valley,V,709,Tazewell,,,,,1916-03-11,1916-07-29,1916-03-11
Coalton,V,304,Montgomery,,,,,1916-06-03,1916-07-24,1916-06-03
Wamac,C,"1,185",Washington,,,,,1916-07-25,1916-09-30,1916-07-25
Downs,V,"1,005",McLean,,,,,1917-01-06,1917-05-10,1917-01-06
Allendale,V,475,Wabash,,,,,1917-01-10,1917-03-05,1917-01-10
Wenonah,V,37,Montgomery,,,,,1917-01-24,1917-04-16,1917-01-24
Mount Prospect,V,"54,167",Cook,,,,,1917-02-03,1917-05-04,1917-02-03
South Pekin,V,"1,146",Tazewell,,,,,1917-04-12,1921-09-23,1917-04-12
Orient,C,358,Franklin,,,,,1917-04-14,1917-09-11,1917-04-14
South Beloit,C,"7,892",Winnebago,,,,,1917-06-16,1917-10-04,1917-06-16
Hooppole,V,204,Henry,,,,,1917-06-30,1917-07-18,1917-06-30
Washington Park,V,"4,196",St. Clair,,,,,1917-11-27,1923-12-19,1917-11-27
Robbins,V,"5,337",Cook,,,,,1917-12-14,1918-02-21,1917-12-14
East Hazel Crest,V,"1,543",Cook,,,,,1918-03-02,1918-07-17,1918-03-02
Valier,V,669,Franklin,,,,,1918-07-11,1918-10-15,1918-07-11
Wilsonville,V,586,Macoupin,,,,,1919-05-28,1921-07-25,1919-05-28
Dowell,V,408,Jackson,,,,,1919-08-19,1920-01-07,1919-08-19
Fox River Grove,V,"4,854",Lake , McHenry,,,,1919-08-21,1919-11-24,1919-08-21
Hartford,V,"1,429",Madison,,,,,1920-03-09,1920-06-10,1920-03-09
Standard City,V,152,Macoupin,,,,,1920-04-01,1920-07-12,1920-04-01
Creve Coeur,V,"5,451",Tazewell,,,,,1921-02-04,1921-07-25,1921-02-04
Roxana,V,"1,542",Madison,,,,,1921-04-07,1934-01-26,1921-04-07
Winfield,V,"9,080",DuPage,,,,,1921-04-18,1921-05-17,1921-04-18
Westmont,V,"24,685",DuPage,,,,,1921-11-10,1925-03-24,1921-11-10
Roselle,V,"22,763",Cook ,DuPage,,,,1922-10-07,1934-01-02,1922-10-07
Dixmoor,V,"3,644",Cook,,,,,1922-11-01,1923-01-15,1922-11-01
Northbrook,V,"33,170",Cook,,,,,1923-01-08,1923-01-15,1923-01-08
Bloomingdale,V,"22,018",DuPage,,,,,1923-06-18,1923-10-08,1923-06-18
North Riverside,V,"6,672",Cook,,,,,1923-07-30,1923-12-01,1923-07-30
Nelson,V,170,Lee,,,,,1923-08-01,1923-08-20,1923-08-01
Clarendon Hills,V,"8,427",DuPage,,,,,1924-01-22,1924-06-27,1924-01-22
Berkeley,V,"5,209",Cook,,,,,1924-03-19,1925-08-24,1924-03-19
Flossmoor,V,"9,464",Cook,,,,,1924-06-20,1924-08-19,1924-06-20
Forest View,V,698,Cook,,,,,1924-12-08,1925-01-12,1924-12-08
Nason,C,236,Jefferson,,,,,1924-12-12,1925-02-17,1924-12-12
Camden,V,86,Schuyler,,,,,1925-02-27,1934-01-08,1925-02-27
Ellsworth,V,195,McLean,,,,,1925-03-05,1925-05-18,1925-03-05
Kell,V,219,Marion,,,,,1925-03-23,1925-10-19,1925-03-23
Florence,V,38,Pike,,,,,1925-08-31,1939-01-30,1925-08-31
Westchester,V,"16,718",Cook,,,,,1925-10-13,1926-01-14,1925-10-13
Markham,C,"12,508",Cook,,,,,1925-10-23,1925-12-09,1925-10-23
McCook,V,228,Cook,,,,,1926-04-12,1926-05-26,1926-04-12
Richton Park,V,"13,646",Cook,,,,,1926-06-08,1926-09-01,1926-06-08
Sauget,V,159,St. Clair,,,,,1926-08-14,1926-10-26,1926-08-14
Bluford,V,688,Jefferson,,,,,1926-09-08,1927-01-17,1926-09-08
Northfield,V,"5,420",Cook,,,,,1926-10-26,1927-07-09,1926-10-26
Alsey,V,227,Scott,,,,,1927-01-21,1927-04-01,1927-01-21
Parkersburg,V,199,Richland,,,,,1927-02-08,1927-05-03,1927-02-08
Alsip,V,"19,277",Cook,,,,,1927-03-10,1927-05-02,1927-03-10
Midlothian,V,"14,819",Cook,,,,,1927-03-22,1927-05-02,1927-03-22
Cahokia,V,"15,241",St. Clair,,,,,1927-03-28,1927-08-01,1927-03-28
Olympia Fields,V,"4,988",Cook,,,,,1927-08-05,1927-10-05,1927-08-05
Golf,V,500,Cook,,,,,1928-02-27,1928-03-14,1928-02-27
Gurnee,V,"31,295",Lake,,,,,1928-03-06,1929-06-21,1928-03-06
Burnt Prairie,V,52,White,,,,,1928-03-12,1928-06-22,1928-03-12
Walnut Hill,V,108,Marion,,,,,1928-04-26,1928-06-22,1928-04-26
Gulf Port,V,54,Henderson,,,,,1928-05-31,1934-01-22,1928-05-31
Crestwood,V,"10,950",Cook,,,,,1928-09-25,1928-11-30,1928-09-25
Wood Dale,C,"13,770",DuPage,,,,,1928-10-20,1929-01-18,1928-10-20
Bannockburn,V,"1,583",Lake,,,,,1929-03-25,1929-08-03,1929-03-25
Radom,V,220,Washington,,,,,1929-07-12,1929-09-30,1929-07-12
Yale,V,86,Jasper,,,,,1929-11-23,1929-12-28,1929-11-23
Lakewood,V,"3,811",McHenry,,,,,1933-07-10,1934-06-06,1933-07-10
Banner,V,189,Fulton,,,,,1934-06-06,1939-01-25,1934-06-06
Menominee,V,248,JoDaviess,,,,,1935-05-09,1941-05-01,1935-05-09
Round Lake  Beach,V,"28,175",Lake,,,,,1937-02-05,1937-02-10,1937-02-05
Fults,V,26,Monroe,,,,,1937-04-12,1937-06-29,1937-04-12
Deer Grove,V,48,Whiteside,,,,,1937-05-27,1937-08-04,1937-05-27
East Gillespie,V,270,Macoupin,,,,,1938-03-23,1938-06-21,1938-03-23
Jerome,V,"1,656",Sangamon,,,,,1939-03-18,1939-06-17,1939-03-18
Southern View,V,"1,642",Sangamon,,,,,1939-03-27,1939-07-17,1939-03-27
Stone Park,V,"4,946",Cook,,,,,1939-04-26,1939-05-12,1939-04-26
Grandview,V,"1,441",Sangamon,,,,,1939-06-03,1939-09-01,1939-06-03
Bedford Park,V,580,Cook,,,,,1940-03-30,1940-05-01,1940-03-30
Bellevue,V,"1,978",Peoria,,,,,1941-03-01,1941-12-02,1941-03-01
Alorton,V,"2,002",St. Clair,,,,,1944-09-26,1944-12-04,1944-09-26
New Lenox,V,"24,394",Will,,,,,1946-05-25,1946-10-04,1946-05-25
Merrionette Park,V,"1,900",Cook,,,,,1947-02-18,1947-05-17,1947-02-18
Loves Park,C,"23,996",Winnebago,,,,,1947-04-30,1947-06-07,1947-04-30
Dunfermline,V,300,Fulton,,,,,1947-05-07,1947-08-11,1947-05-07
Oak Forest,C,"27,962",Cook,,,,,1947-05-10,1947-08-20,1947-05-10
Bridgeview,V,"16,446",Cook,,,,,1947-06-27,1947-07-16,1947-06-27
Round Lake Park,V,"7,505",Lake,,,,,1947-10-18,1947-12-20,1947-10-18
Harwood Heights,V,"8,612",Cook,,,,,1947-11-25,1948-03-04,1947-11-25
Naplate,V,496,LaSalle,,,,,1947-12-09,1947-12-27,1947-12-09
North Pekin,V,"1,573",Tazewell,,,,,1948-04-21,1948-04-29,1948-04-21
Norridge,V,"14,572",Cook,,,,,1948-12-04,1949-03-29,1948-12-04
Ford Heights,V,"2,763",Cook,,,,,1949-01-11,1949-05-27,1949-01-11
Park Forest,V,"21,975",Cook ,Will,,,,1949-02-01,1949-05-24,1949-02-01
Northlake,C,"12,323",Cook,,,,,1949-04-23,1949-07-19,1949-04-23
Island Lake,V,"8,080",Lake ,McHenry,,,,1950-02-11,1952-06-25,1950-02-11
Leland Grove,C,"1,503",Sangamon,,,,,1950-04-21,1950-07-13,1950-04-21
Hoffman,V,508,Clinton,,,,,1950-05-13,1950-07-19,1950-05-13
Hillsdale,V,523,Rock Island,,,,,1950-05-27,1951-02-19,1950-05-27
Green Rock,C,,Henry,,,,,1950-06-03,1950-09-07,1950-06-03
New Bedford,V,75,Bureau,,,,,1950-11-07,1951-01-31,1950-11-07
Hickory Hills,C,"14,049",Cook,,,,,1951-09-08,1951-11-14,1951-09-08
Dunlap,V,"1,386",Peoria,,,,,1951-11-03,1952-04-25,1951-11-03
Lakemoor,V,"6,017",Lake ,McHenry,,,,1951-11-27,1952-07-08,1951-11-27
Oreana,V,875,Macon,,,,,1952-07-21,1954-03-02,1952-07-21
Lake in the Hills,V,"28,965",McHenry,,,,,1952-11-29,1953-04-20,1952-11-29
Hometown,C,"4,349",Cook,,,,,1953-06-06,1953-11-18,1953-06-06
Royal,V,293,Champaign,,,,,1953-08-10,1953-10-14,1953-08-10
Gifford,V,975,Champaign,,,,,1954-05-12,1954-05-20,1954-05-12
Germantown Hills,V,"3,438",Woodford,,,,,1954-05-26,1954-07-26,1954-05-26
Albers,V,"1,190",Clinton,,,,,1954-07-01,1954-12-08,1954-07-01
Hamel,V,816,Madison,,,,,1955-02-24,1955-05-06,1955-02-24
Rolling Meadows,C,"24,099",Cook,,,,,1955-03-02,1955-06-21,1955-03-02
McCullom Lake,V,"1,049",McHenry,,,,,1955-04-07,1955-05-31,1955-04-07
New Milford,V,697,Winnebago,,,,,1955-04-21,1968-02-23,1955-04-21
Clear Lake,V,229,Sangamon,,,,,1955-08-12,1955-12-20,1955-08-12
Oak Grove,V,396,Rock Island,,,,,1955-12-08,1956-02-07,1955-12-08
Valley City,V,13,Pike,,,,,1955-12-08,1956-04-11,1955-12-08
Muddy,V,68,Saline,,,,,1955-12-14,1956-02-27,1955-12-14
Rosemont,V,"4,202",Cook,,,,,1956-01-20,1957-04-11,1956-01-20
Schaumburg,V,"74,227",Cook,,,,,1956-02-27,1956-03-05,1956-02-27
Johnsburg ,V,"6,337",McHenry,,,,,1956-04-09,1956-06-29,1956-04-09
Savoy,V,"7,280",Champaign,,,,,1956-04-10,1956-10-08,1956-04-10
Liverpool,V,129,Fulton,,,,,1956-06-18,1957-04-26,1956-06-18
Lisle,V,"22,390",DuPage,,,,,1956-06-26,1956-09-07,1956-06-26
Marquette Heights,C,"2,824",Tazewell,,,,,1956-06-27,1956-09-06,1956-06-27
Old Shawneetown,V,193,Gallatin,,,,,1956-07-02,1956-09-06,1956-07-02
Elk Grove Village,V,"33,127",Cook,DuPage,Lake,,,1956-07-17,1956-10-09,1956-07-17
Lindenhurst,V,"14,462",Lake,,,,,1956-10-01,1957-01-16,1956-10-01
Norwood,V,478,Peoria,,,,,1956-10-17,1956-12-27,1956-10-17
Burr Ridge,V,"10,559",DuPage,,,,,1956-10-30,1957-01-29,1956-10-30
Long Grove,V,"8,043",Lake,,,,,1956-12-31,1957-03-27,1956-12-31
Streamwood,V,"39,858",Cook,,,,,1957-02-11,1957-02-25,1957-02-11
Barrington Hills,V,"4,209",Cook,,,,,1957-02-26,1957-07-05,1957-02-26
Goodfield,V,860,Woodford,,,,,1957-03-09,1957-04-25,1957-03-09
Sauk Village,V,"10,506",Cook ,Will,,,,1957-03-12,1957-05-08,1957-03-12
Sugar Grove,V,"8,997",Kane,,,,,1957-04-09,1957-07-02,1957-04-09
North Henderson,V,187,Mercer,,,,,1957-04-22,1957-08-05,1957-04-22
Lincolnshire,V,"7,275",Lake,,,,,1957-08-05,1957-12-02,1957-08-05
Centreville,C,"5,309",St. Clair,,,,,1957-10-09,1957-12-30,1957-10-09
Deer Park,V,"3,200",Lake,,,,,1957-11-14,1958-01-20,1957-11-14
Ohlman,V,135,Montgomery,,,,,1957-11-18,1958-02-07,1957-11-18
Shorewood,V,"15,615",Will,,,,,1957-11-27,1958-08-25,1957-11-27
Forsyth,V,"3,490",Macon,,,,,1958-01-07,1958-05-22,1958-01-07
Park City,C,"7,570",Lake,,,,,1958-01-27,1958-03-24,1958-01-27
Oak Brook,V,"7,883",DuPage,,,,,1958-02-21,1958-05-12,1958-02-21
Buffalo Grove,V,"41,496",Cook , Lake,,,,1958-03-07,1958-04-24,1958-03-07
Hawthorn Woods,V,"7,663",Lake,,,,,1958-03-10,1958-04-25,1958-03-10
Kildeer,V,"3,968",Lake,,,,,1958-03-25,1960-09-16,1958-03-25
Hillcrest,V,"1,326",Ogle,,,,,1958-03-27,1958-06-06,1958-03-27
Rio,V,220,Knox,,,,,1958-04-14,1958-07-11,1958-04-14
Sleepy Hollow,V,"3,304",Kane,,,,,1958-04-29,1958-05-05,1958-04-29
Keenes,V,83,Wayne,,,,,1958-06-16,1958-08-07,1958-06-16
Oakbrook Terrace,C,"2,134",DuPage,,,,,1958-06-24,1958-11-24,1958-06-24
Country Club Hills,C,"16,541",Cook,,,,,1958-07-15,1958-10-03,1958-07-15
Indian Creek,V,462,Lake,,,,,1958-07-16,1958-08-18,1958-07-16
Vernon Hills,V,"25,113",Lake,,,,,1958-07-16,1958-09-22,1958-07-16
Oakwood Hills,V,"2,083",McHenry,,,,,1958-08-11,1961-02-24,1958-08-11
Hanover Park,V,"37,973",Cook ,DuPage,,,,1958-08-14,1958-10-29,1958-08-14
Wayne,V,"2,431",DuPage ,Kane,,,,1958-09-15,1958-11-14,1958-09-15
Old Mill Creek,V,178,Lake,,,,,1958-10-20,1959-01-09,1958-10-20
Carol Stream,V,"39,711",DuPage,,,,,1959-01-05,1959-03-13,1959-01-05
Palos Hills,C,"17,484",Cook,,,,,1959-01-26,1959-02-25,1959-01-26
Mapleton,V,270,Peoria,,,,,1959-04-02,1959-07-01,1959-04-02
Palos Heights,C,"12,515",Cook,,,,,1959-04-16,1959-07-22,1959-04-16
Raritan,V,138,Henderson,,,,,1959-05-21,1959-08-24,1959-05-21
Indian Head Park,V,"3,809",Cook,,,,,1959-06-09,1959-08-04,1959-06-09
McNabb,V,285,Putnam,,,,,1959-06-23,1959-08-04,1959-06-23
Foosland,V,101,Champaign,,,,,1959-07-01,1959-12-16,1959-07-01
Glendale Heights,V,"34,208",DuPage,,,,,1959-07-13,1959-10-26,1959-07-13
Anchor,V,146,McLean,,,,,1959-07-18,1959-08-28,1959-07-18
Woodridge,V,"32,971",DuPage ,Will,,,,1959-08-24,1959-10-26,1959-08-24
Hoffman Estates,V,"51,895",Cook,,,,,1959-09-23,1960-01-12,1959-09-23
Carlock,V,552,McLean,,,,,1959-10-08,1960-01-06,1959-10-08
Lake Barrington,V,"4,973",Lake,,,,,1959-11-02,1960-01-12,1959-11-02
North Barrington,V,"3,047",Lake,,,,,1959-11-02,1960-07-15,1959-11-02
Third Lake,V,"1,182",Lake,,,,,1959-11-23,1960-04-20,1959-11-23
Liberty,V,516,Adams,,,,,1959-11-25,1960-07-11,1959-11-25
Riverwoods,V,"3,660",Lake,,,,,1959-12-14,1960-04-20,1959-12-14
South Barrington,V,"4,565",Cook,,,,,1959-12-14,1960-03-01,1959-12-14
Congerville,V,474,Woodford,,,,,1959-12-21,1960-02-25,1959-12-21
Lynwood,V,"9,007",Cook,,,,,1959-12-23,1960-03-07,1959-12-23
Sherman,V,"4,148",Sangamon,,,,,1959-12-30,1960-02-24,1959-12-30
Willowbrook,V,"8,540",DuPage,,,,,1960-01-18,1960-02-23,1960-01-18
Crest Hill,C,"20,837",Will,,,,,1960-01-22,1960-04-08,1960-01-22
Green Oaks,V,"3,866",Lake,,,,,1960-01-25,1960-04-20,1960-01-25
Mettawa,V,547,Lake,,,,,1960-01-25,1960-04-20,1960-01-25
Round Lake Heights,V,"2,676",Lake,,,,,1960-04-04,1960-05-12,1960-04-04
Countryside,C,"5,895",Cook,,,,,1960-04-26,1960-07-27,1960-04-26
Orland Hills,V,"7,149",Cook,,,,,1961-06-30,1962-02-02,1961-06-30
Channahon,V,"12,560",Will,,,,,1961-12-11,1962-08-17,1961-12-11
Inverness,V,"7,399",Cook,,,,,1962-05-08,1962-05-25,1962-05-08
Wadsworth,V,"3,815",Lake,,,,,1962-05-09,1962-09-06,1962-05-09
Pontoon Beach,V,"5,836",Madison,,,,,1962-12-12,1963-07-17,1962-12-12
Ursa,V,626,Adams,,,,,1963-08-30,1964-02-01,1963-08-30
Roscoe,V,"10,785",Winnebago,,,,,1965-06-30,1965-07-13,1965-06-30
Bolingbrook,V,"73,366",DuPage , Will,,,,1965-10-06,1965-12-16,1965-10-06
Tower Lakes,V,"1,283",Lake,,,,,1966-09-12,1966-12-12,1966-09-12
Bayview Gardens,V,378,Woodford,,,,,1966-10-17,1967-02-15,1966-10-17
South Roxana,V,"2,053",Madison,,,,,1967-03-10,1967-07-11,1967-03-10
University Park,V,"7,129",Cook ,Will,,,,1967-06-15,1967-09-13,1967-06-15
Warrenville,C,"13,140",DuPage,,,,,1967-09-20,1967-10-03,1967-09-20
Harristown,V,"1,367",Macon,,,,,1969-03-03,1969-04-25,1969-03-03
Port Barrington,V,"1,517",Lake ,McHenry,,,,1969-03-18,1969-06-02,1969-03-18
Fairview Heights,C,"17,078",St. Clair,,,,,1969-10-02,1970-01-26,1969-10-02
Darien,C,"22,086",DuPage,,,,,1969-12-16,1970-03-18,1969-12-16
Burbank,C,"28,925",Cook,,,,,1970-04-10,1970-07-10,1970-04-10
Hopkins Park,V,603,Kankakee,,,,,1970-08-24,1970-12-03,1970-08-24
Bondville,V,443,Champaign,,,,,1971-06-18,1971-06-24,1971-06-18
Royal Lakes,V,197,Macoupin,,,,,1972-10-30,1973-07-23,1972-10-30
Prairie Grove,V,"1,904",McHenry,,,,,1973-01-16,1973-03-09,1973-01-16
Wonder Lake,V,"4,026",McHenry,,,,,1974-11-26,1975-06-23,1974-11-26
East Cape Girardeau,V,385,Alexander,,,,,1975-04-10,1975-05-16,1975-04-10
Prospect Heights,C,"16,256",Cook,,,,,1976-02-02,1976-06-16,1976-02-02
Holiday Hills,V,610,McHenry,,,,,1976-03-01,1976-03-10,1976-03-01
Damiansville,V,491,Clinton,,,,,1977-06-20,1977-09-16,1977-06-20
Bull Valley,V,"1,077",McHenry,,,,,1977-07-23,1978-04-10,1977-07-23
Davis Junction,V,"2,373",Ogle,,,,,1977-11-05,1978-06-12,1977-11-05
Oakdale,V,221,Washington,,,,,1979-03-24,1979-05-30,1979-03-24
Long Creek,V,"1,328",Macon,,,,,1980-03-07,1980-07-28,1980-03-07
Sun River Terrace,V,528,Kankakee,,,,,1980-06-14,1980-08-18,1980-06-14
Machesney Park,V,"23,499",Winnebago,,,,,1981-02-24,1981-04-06,1981-02-24
Hopewell,V,410,Marshall,,,,,1983-04-12,1983-09-01,1983-04-12
Beach Park,V,"13,638",Lake,,,,,1988-03-15,1989-05-22,1988-03-15
Lily Lake,V,993,Kane,,,,,1990-11-06,1990-11-27,1990-11-06
Virgil,V,329,Kane,,,,,1990-11-06,1990-11-27,1990-11-06
Godfrey,V,"17,982",Madison,,,,,1991-04-02,1991-04-24,1991-04-02
Volo,V,"2,929",Lake,,,,,1993-04-20,1993-08-18,1993-04-20
West Peoria,C,"4,458",Peoria,,,,,1993-11-02,1993-11-12,1993-11-02
Ringwood,V,836,McHenry,,,,,1994-11-08,1995-02-15,1994-11-08
Greenwood,V,255,McHenry,,,,,1995-04-04,1995-06-22,1995-04-04
Caledonia,V,197,Boone,,,,,1995-11-07,1996-02-08,1995-11-07
Timberlane,V,934,Boone,,,,,1995-11-07,1996-02-08,1995-11-07
Trout Valley,V,537,McHenry,,,,,1996-03-19,1996-04-19,1996-03-19
Bismarck,V ,579,Vermilion,,,,,1998-03-17,1998-03-24,1998-03-17
Lake Ka-Ho,V,237,Macoupin,,,,,2000-03-24,2000-11-17,2000-03-24
Big Rock,V ,1126,Kane,,,,,2001-04-03,2001-07-26,2001-04-03
Homer Glen,V,"24,220",Will,,,,,2001-04-03,2001-05-24,2001-04-03
Millbrook,V,335,Kendall,,,,,2002-11-05,2003-02-05,2002-11-05
Monroe Center,V,471,Ogle,,,,,2004-03-16,2004-03-31,2004-03-16
McClure,V,402,Alexander,,,,,2004-11-02,2005-04-22,2004-11-02
Curran,V,212,Sangamon,,,,,2005-04-05,2005-05-24,2005-04-05
Plattville,V,242,Kendall,,,,,2006-03-21,2006-11-17,2006-03-21
Kaneville,V,484,Kane,,,,,2006-11-07,2007-01-19,2006-11-07
Limestone,V,"1,598",Kankakee,,,,,2006-11-07,2007-02-09,2006-11-07
Campton Hills,V,"11,131",Kane,,,,,2007-04-17,2007-06-07,2007-04-17
Sammons Point,V,279,Kankakee,,,,,2008-02-05,2008-06-06,2008-02-05